employee_id,ssn,account_number,username,password
1001,710-32-7694,PK80 XLOX UA2B HOI0 NXZB JZSN,ckillick0,HitAuf
1002,838-94-2602,FR18 3810 2786 76RG NHZM XWEN E66,sfife1,jpm9zWl
1003,423-23-0123,FR78 9658 4687 27UL FDNB VOUE O69,bposselwhite2,CaOBzsgFKdzk
1004,882-57-8116,LB08 6789 LONJ 1JPC VYZS ATLA LYAJ,dburnham3,7vPAehSeX
1005,137-42-3251,GT20 L26U D9BZ IGG7 N49T TBGU JSJZ,wzambon4,tjc4ZOxS
1006,545-62-6547,ME08 9492 8331 3703 9728 75,ktwiddle5,9p7DPMxRw
1007,258-90-6528,HU92 2114 6739 9714 5495 6127 7892,groset6,uGdbVKT0Z
1008,583-12-1756,RO63 AVOJ F3MP 7VQI T5QJ 53HL,aredwood7,vKFPHiOd
1009,876-19-4752,KW08 FKXM X7NI LEKQ WTMB 2MLD A0EV OO,ddevonshire8,p3ngavnj8cwh
1010,311-96-2035,FR45 0666 6984 35NE DHII KBNW T15,jbeetham9,SH1qcGX
1011,700-51-8548,DE03 1062 9218 9902 8281 00,rfrarya,WZacECtnGRG
1012,518-51-2968,SA47 32ID QIR7 SP5R MFHM RAYT,ecantob,as7PLz
1013,440-75-6838,AE41 7693 8598 4239 7981 712,kmurdenc,puLGHoloM
1014,287-92-3699,DE41 4517 9166 5286 9131 98,tkeileyd,k76RLsmkq
1015,176-57-4418,RS51 7975 8568 2549 3755 73,elitte,D0sdZepD8Pc0
1016,397-51-4364,FO98 0652 1235 4661 30,rspurdonf,VjEB1LuRczo
1017,649-28-0289,PS07 ZFXE INC6 YMLB LP2H BZGJ 7S3J 2,tbeafordg,xQs08PDXEm
1018,270-18-7505,HU75 8438 9321 5831 6443 9093 3840,itunuyh,o1SApMYVa9
1019,661-96-4021,BA02 2593 9004 0283 2640,grecki,SPkNFQ64Sv
1020,461-47-1091,BE28 1790 5070 9280,jstoddardj,kxfngqFVW
1021,884-49-8055,GR76 7189 389Z ULHV EPFK 0O4Z DTP,aetchellsk,Bu7eIjYrwuN
1022,207-49-3818,FR88 5583 9267 37RC MU80 UIMC P04,dizonl,fzHwId5i
1023,223-16-0354,EE34 0102 4579 3045 1639,hmiddlemassm,Nwx263UH
1024,683-88-2769,FR59 4391 4590 24AU NTRT 75TZ D54,rgalifordn,ADx6I0
1025,867-83-1822,MK02 673O SQVD MUCV W10,pcarleo,WI9dHttZK9
1026,641-22-6804,RS65 5030 3457 0034 7392 67,wbortolozzip,bajj0TeExsd
1027,758-38-2553,FI12 2640 4057 2382 33,cpirieq,zu8wqCUwp4Su
1028,368-88-8278,ES66 6033 2566 2279 3410 8310,srodolicor,Y04tDL
1029,318-28-0321,LT73 2289 5739 9938 5343,emccrystals,JBnbpBijIRlm
1030,700-35-3817,FR21 7477 4631 014V GZZZ QDQ1 N12,smorgant,n4geQ59bee74
1031,151-17-4498,FR64 4666 4245 29LN CTNG BNBZ Z15,gsulleyu,wXHVDEa
1032,895-77-8311,DE57 1404 1362 7851 1019 10,ltunkinv,EPS7E0uoW
1033,469-44-1504,HR67 4097 8803 3105 5715 8,bavow,FW4T2SE
1034,274-38-7138,SI81 4810 3774 1967 304,aquittondenx,Df2wFPQzu
1035,685-50-8172,DE82 0653 1673 1152 2839 08,crushforthy,3qVMfycVwUh4
1036,308-94-6895,GL12 6628 0031 8305 87,aburstowez,DSVnUQD
1037,392-72-9288,PS08 FCCA SPFZ YHDA IAMT T6MC Z4RI D,hgaskal10,j25zSxn5srZ
1038,856-20-6447,DK16 8646 1827 5007 39,bshooter11,KFTv2AcoeZ
1039,282-63-4586,KW92 NOTR YH8Z XCT7 NASA VIN4 3KJR FN,rscipsey12,bnzv5O2ygcRg
1040,765-23-1773,AT47 4045 7131 4657 3853,ueastcourt13,ZOpvqxYjL
1041,676-53-2324,FR91 0340 3470 80WY PAFU QIYP N94,mhinchshaw14,euNC9kqut
1042,794-32-6018,AD03 1073 7439 HKJZ 5AWQ TMKL,cgeary15,1QTdmMeUwJjk
1043,581-28-2915,GI24 FKTS LG9Z ZW48 EVJH 9OO,jbetty16,vspfHcMY
1044,302-69-2486,AE17 6547 4629 5931 0454 609,emacdaid17,sG5Hv2oDY
1045,420-56-4838,PK65 TRYR B5UT 1WWJ ONHQ 8ZIZ,mdampney18,Ae7jiCJB
1046,693-32-4853,FR87 4858 1589 69WN OIYU 9JN6 K29,kscargill19,4l9LIWBz
1047,574-41-1665,GB59 BFTB 1096 3219 3733 67,ssummerfield1a,y9KSbOiNwqAJ
1048,828-76-7305,FR72 0913 7857 06DW B5FT TRQT M85,hgamble1b,AyiByHTV
1049,394-25-4458,PK33 PRTN 70EJ RAB2 FFBW K0D6,pskea1c,em5mH6A83Yo
1050,691-60-3726,IE59 LZLE 7464 9916 5863 45,glinggood1d,Hk637sSiPSX
1051,575-46-6531,GE47 SZ38 5072 3862 2715 99,aclaremont1e,1mN4laH
1052,419-39-5320,FR93 5130 6673 370G 8BFV HOB4 T02,hvanlint1f,bB8mLR0
1053,890-60-7742,FO33 7284 0718 1839 36,mklazenga1g,dNamAe4ax
1054,764-37-2229,FR83 8851 6020 06AX Z2G4 ODDP L29,bseelbach1h,6VXUl71eaf
1055,716-67-3070,MD60 WLM1 Y1CJ A4RL 0AKU 904G,jburdoun1i,kE44EGV
1056,615-44-0151,KZ15 325K YOKT KMOU KC3K,adubose1j,RNIgbmt
1057,520-10-6692,AL87 2684 9669 COU3 4BSA UIIJ SO6A,fizakson1k,M6ntCh8i7f
1058,614-60-4468,SM67 R010 4134 0864 3LSW PMHE C4A,jhallyburton1l,PgBFJWkc
1059,173-46-0591,GL07 2514 4201 3527 08,tcoles1m,DBTs28tBTQsq
1060,487-09-5498,AZ07 JXCY OKIJ UIXB JGGE 0JAR UECF,kwilse1n,a91beD6wq
1061,156-10-9414,HU24 4883 8618 1702 9045 2177 7279,pseward1o,BAX7mYxFSak
1062,605-80-3908,TR04 3103 0KY2 4YTV ERZA UMRI VW,ctaylo1p,V2QShG
1063,704-08-3472,SA29 23PE GLZB SM9Y UZ2E SMCN,bgiovanazzi1q,WvAb1t4D
1064,161-30-3166,LV29 IDPO VGP9 8OTF SQ4L S,jbettlestone1r,3BiGII
1065,162-18-3610,DE18 1211 8214 3676 5622 22,gkays1s,oaEjD0sBNkY
1066,214-46-3105,FR26 5291 2593 50NP GYTY JMJS J50,mgamet1t,TDul2ePGpe
1067,257-60-1779,FR87 0559 7061 21J9 B7G3 JQHB 307,farguile1u,HsvJgHwFJx8
1068,493-42-1956,MD39 OLSQ ZUBO TS7X 7PJN 9Z2E,bandreou1v,SXFrzJWYNmT
1069,118-61-5000,KW22 JRWB 1JCN XBD5 TIVJ DUV7 Y1WQ K7,rcorlett1w,2tJq2sAl
1070,140-77-1072,MT72 TZXM 5818 7U24 LDD6 ECMV ZR2T TMC,oillston1x,S6dvE6p
1071,187-04-0769,MC88 9641 3288 00KW 0HEC R6JU L44,jrawlcliffe1y,ldaQ9tofI1
1072,824-54-7755,KZ17 951G WOGK CBIS MR98,fposnette1z,ryfs2CurJvwe
1073,445-39-9477,MU80 VDBW 6811 2067 5486 6472 476B KL,nrigg20,Cv81lAomNS
1074,154-22-7560,NL41 DAZI 3041 1734 46,cbrennan21,tr6KbBDu
1075,554-47-4103,AE11 3099 0062 6554 0296 207,kary22,LQjxLf
1076,538-13-4849,SM29 E117 8755 803E QJHB BEJX U4V,klitster23,QiAg7QNGto
1077,141-76-9450,RO93 VXIN 7TE5 R2BD MNHL 3VIG,wzorzoni24,Xy65bN7Z25RU
1078,798-81-0558,FR51 3977 3262 26IA 2EZG LPTI Q56,mlydford25,H0ZQyH
1079,399-79-0059,CH38 2100 09OL LHBB SSF3 3,tmieville26,oEqH5uRdV
1080,215-06-7413,HR22 2730 7595 6405 9637 6,ssnoding27,wDws90v
1081,891-07-7313,FI71 1421 9149 9574 37,abendon28,3tYo2qytkxL
1082,440-56-8291,FR49 1829 9598 97NW LCZM 3Y5G Q12,swinsper29,v4rq18x
1083,870-53-4586,EE80 5422 2287 5775 8413,chull2a,G0JXfILgI0jb
1084,478-63-0343,MK34 611C WRCY BKQK K80,jblakeley2b,04U8wGDyWG
1085,682-99-7394,FR45 2741 7374 26NU ZKKL 3HVQ P53,fdufaur2c,6zWFvbig5WM6
1086,414-37-2651,CY28 8448 7103 MIB9 IQPW TFA1 APOB,blarking2d,ehKgfTVHSCH
1087,481-28-8201,IL26 8728 1236 8967 7997 954,sbausor2e,VIY8oL0
1088,747-25-6577,PK73 JOWF YOJT PSES QGBU IWIY,cfolkard2f,AVuGzk2hSm8N
1089,308-04-6865,LT43 7815 8465 2447 7167,wlovelock2g,NA9mU9XZ
1090,548-65-3568,CZ29 7802 6436 5407 8406 5417,mbard2h,ECcU6NZP
1091,685-37-5957,NL37 TMPD 3891 7887 21,ibent2i,93da6tpm
1092,111-15-3188,GB90 SXNG 8682 7999 0849 30,tbernollet2j,Cxj0Agc5VW6
1093,791-05-5302,SK44 9700 6714 5434 8607 3399,syashaev2k,Px9I0eh
1094,240-55-4726,IS90 5663 6385 9161 6896 0545 09,umasham2l,0WzcPP06d97
1095,684-48-8190,DK59 0734 5115 9391 39,jmattioni2m,a5b8ikLt
1096,788-45-8068,KZ38 994U AFFL FGEP JNDB,dsummerfield2n,s3lol7w5z53N
1097,722-01-2674,MK55 125C NEP0 UYV3 G09,lboanas2o,1chGDM
1098,383-07-1088,LV15 JBFJ NECF NJA1 BCTI O,cpoulett2p,uqYWIZzXgDr
1099,869-16-7898,RO35 FAAC PACM AOHE 4HCH LNDM,lmoat2q,30gwDXclp4K
1100,520-41-6394,BA31 5682 2412 3370 4443,asidaway2r,fWSm3d
1101,827-42-8479,AT52 0451 2099 5233 7848,akuschel2s,zia71vVg
1102,192-50-2461,BG44 GQGI 9919 61NA BRM2 OZ,tdemetz2t,TBjq4ETrZc
1103,279-43-6507,FR29 7411 7520 896X BN2R UYVV 315,bheady2u,IWb1Lh8
1104,899-12-5242,HR52 0554 1065 5057 4297 9,wbuckberry2v,Anybp2U4OqCS
1105,289-50-5663,CH65 4087 9XLX YPHE 4RAY F,kelcomb2w,qt7PsftN0VI
1106,357-70-6665,MR83 8267 0822 7796 8575 8265 409,boulet2x,S8AyDg9wUtI
1107,319-44-6608,PL78 5856 6981 4278 8442 3995 9968,gkordovani2y,RluGHYgfmrT
1108,403-06-9280,SA91 25QO RRLB EOAA LXYB NRCK,tdamarell2z,RVYSBVQ
1109,421-78-1969,NL08 HALP 0448 0776 11,pduckworth30,pn5ghMncTA
1110,571-42-9423,AZ22 GNUZ VOWR V7I1 QSSL DM5X WRYP,nprothero31,Vx2TVhnSh3p
1111,725-89-5931,PK29 ZQFA CXBR LHFQ O2TZ GRME,nlittlechild32,T4memo5OuKS
1112,328-95-1895,TR88 5053 3IJD VQAM BEYS TSRM KA,dstarbuck33,CY6XSsWT
1113,708-63-0005,MC14 4395 6512 83AF 0840 EEAZ V25,dlawfull34,OmMuuYTyvP8
1114,699-40-9946,FR08 5214 2576 72UZ CBQO ABMW I14,mschops35,l9EZEqGs
1115,796-33-3399,HU38 3499 5887 0817 7670 0191 6911,hvaen36,Accow1tqQLwP
1116,529-20-6445,CH95 9573 2YHR Q31C XGSB L,lgerard37,lvtM1ypy
1117,128-19-7784,AE89 8205 0624 1664 0811 096,hkaufman38,WWVnt1sHj
1118,274-49-8760,HU40 7100 9745 5943 9927 0192 6968,bcheshir39,C3Vbwy
1119,631-34-4100,FR38 5381 3930 36ZX 0XOU JE7I I99,cdellorto3a,dt0rfxjD
1120,390-87-7485,BA15 4620 3507 9944 5709,rburden3b,vp1NWxJcjqG
1121,886-02-8686,FR53 7623 6556 704D AJYB IU2V V35,darnet3c,bXc70yT
1122,425-04-8718,DK69 8148 1276 0797 69,cmannakee3d,wujoHhZBEC7
1123,602-20-6621,SM75 L911 6898 2640 BTKG ACE1 XP1,ceastabrook3e,aNUtxY
1124,429-69-9114,IE83 HQFQ 6392 5139 6429 25,hthandi3f,bKNYwFZkAx
1125,866-66-5893,TR12 6275 6EOR 2RUY HITP QKUS IR,ggeraudy3g,V37T4h
1126,745-37-9127,LT85 7103 2827 7657 9770,bmacer3h,fRRmRqrxPOD
1127,789-99-3361,FR05 5660 5350 79TQ 69WI 8RFV C15,hiannini3i,bM8dvrMB2
1128,437-52-6684,IT15 V549 4002 4878 JN0T UNUK CUE,bpolle3j,ewZzPKVDmQXe
1129,790-72-4478,CR97 9342 6928 0294 7540 0,pbelvin3k,r47D1jOl
1130,487-75-2177,CZ14 7907 0625 4139 1513 3907,ndeary3l,j4pStlsTIbDJ
1131,543-35-4482,CR72 7764 7205 9780 6968 9,oflewin3m,3MAWJ5mt6Y
1132,395-78-9941,AE65 5456 5414 3084 6753 828,awycliff3n,7W72eSBuy
1133,610-69-6742,LT33 2319 0699 9163 5103,hdanks3o,0v43jfWB7817
1134,427-10-3995,BH16 SFFZ 31NT TXIQ AXSF DK,jchadburn3p,23nGUTWw5a
1135,482-35-3701,AD97 9966 5313 08QQ PWJS WD9Z,gprator3q,cwDr0Rauium8
1136,348-12-8482,FR57 9899 0586 290O P1WQ AWTG 175,tstrelitzer3r,Jz1RLq9
1137,678-26-8708,DE84 9353 3988 0053 8428 70,thuskisson3s,OhWmzU
1138,814-43-8211,RS76 7941 7267 5099 8562 42,vhelliar3t,1H5H9WaCcRQz
1139,244-73-5956,AZ92 HZVJ BDYP LQ54 APSG CFZK ZZLU,lpardey3u,z1kZ39c7eGMl
1140,681-11-6149,GB60 OUHA 6782 7070 1410 76,lleathart3v,OWiQsR
1141,673-30-8052,VG96 THTL 6553 1491 1334 5114,plife3w,D4WV3wcDQ
1142,731-34-6918,NO66 9262 5808 393,tflahy3x,3j7XgXYrhCp
1143,151-02-2972,MU80 BLNW 6993 7899 1162 5484 387U HA,scastro3y,zrAnPkAN
1144,326-75-9400,FR18 2708 1032 88NL EBT9 OCPF T39,dmcbeith3z,RGlXRjaU1SNO
1145,568-18-9861,RO14 UHFS RWRC CQDE I44W WS9K,ppristnor40,9RxNKD
1146,860-58-6774,DO82 IZEX 0542 5422 2937 3384 3088,sparsand41,DgKik0
1147,398-31-0833,LT83 2964 1606 4990 9860,awoolland42,4961oxaUUq
1148,696-71-5361,BG57 DNDR 0484 42NX KPOR IR,blittler43,eQ09AUeYS
1149,828-05-9908,GR59 1041 666V GIHG Y1W5 EMTO RWV,estolte44,jZTtI2
1150,685-07-2437,SA29 577E PW9N EHYV ZYYW 73GQ,ddumbrall45,1SKdaj9YDr
1151,219-43-6137,GI47 SCDR PIX8 XICB XOYK FD6,gkubas46,3P1Lnlh2Oo2
1152,755-64-0450,EE39 6594 4604 6064 6265,cdonke47,Qha6YSo7Pt
1153,416-79-4290,RO05 BSYQ PFXX 1BRH KV7J XD1W,ageydon48,S34FCm9
1154,537-98-9645,SI06 3729 9437 2502 031,lwardrop49,97QI1br5jQ
1155,749-76-2671,BH76 TOYB ZHEH 4YOF Z5VK DD,fpaolone4a,vqhpwPDqtEif
1156,243-01-9840,LB96 1200 EEJ7 G15V R8JJ WUZG TMAM,jbalchen4b,Jgxclog
1157,828-36-0247,BE92 3824 8668 5283,eafonso4c,0lLBcf1qPj7
1158,357-38-8780,FR02 5812 7367 64HV AJDB KAG3 Q67,jcoxon4d,f73qwuC
1159,736-66-2115,MR08 9153 6739 7274 6464 4009 003,mmcilhatton4e,2iDHOyX
1160,336-81-7398,ES93 1749 2057 2689 3804 2166,gdrable4f,SB3HDxYEumLU
1161,453-53-5352,AZ63 SIUO OO2P BJSF PXG5 AJ5G A3G9,lschimon4g,pfdkb5T
1162,419-83-0288,IT11 F970 3105 887T 4ASX IAN1 PFB,jahmed4h,Qs9NCp1
1163,311-90-3715,IT83 Y252 0543 277K 2ELF UHWQ VSO,dbiaggetti4i,44f5E5
1164,859-90-8382,BA66 1137 1617 7105 0137,cwadeling4j,tuxFAVXtDB
1165,487-35-2222,KZ79 9904 AIA1 LJQB NWJY,cskidmore4k,j75GArG
1166,299-84-1470,ES86 0497 4148 9856 6873 1598,sibanez4l,MOriA9JxH
1167,460-38-7789,RS26 1617 3350 4124 6755 06,lrosin4m,i23OGasGql
1168,832-21-1736,FO30 8492 6825 1608 93,sbrydone4n,JwVWHS
1169,187-55-2063,AE21 0666 0135 6781 2022 248,oyouthed4o,9MM5mGX
1170,654-94-0177,GB30 KLBO 0221 4884 1980 94,wjefferies4p,EYowh3d6ghn
1171,165-65-1590,KZ88 886J 1VBT ANIZ OJVM,mbirkbeck4q,hoj6AJ
1172,815-71-9635,BA72 7149 3912 2006 7565,aduddle4r,aAzMCgJiBZjU
1173,154-56-8654,LV19 MTQH 5TUN 2HYA S9DP T,aschanke4s,ObZyzMF0qV4
1174,794-23-1634,TN82 1935 8490 4207 4891 5895,sbeaman4t,HMt2SjXEEP5
1175,297-75-6587,CR36 7092 7240 5123 7660 1,brourke4u,x9JZnAkj4
1176,678-27-6796,CR68 1812 3758 8604 3297 6,tkrolak4v,2cDK0zEOJy2
1177,740-74-6164,CR77 0621 8867 1013 5071 9,ngrigoriscu4w,8KWXgBIeKh
1178,418-88-6996,MK13 180A TZGP 4JTC K44,krenowden4x,jOavMG1Im
1179,595-32-9336,MU96 ASPS 8342 8173 6377 1153 615H GC,dpadginton4y,n1aFxrRPbMM
1180,847-43-0272,FR87 1806 7157 65XF 5KK5 LVK9 741,astation4z,wCv30Q
1181,456-45-5326,MC07 8078 3903 79J8 SSI3 5JU3 C97,nkolakovic50,msl5EPKqYhUb
1182,828-41-3608,IT06 L166 3774 789E RRLV T9KI 1PS,smasson51,bp4O0QBlTyaO
1183,315-36-0555,GB93 OAAF 1602 7303 9240 42,estenner52,mqZO3f6
1184,491-65-5761,HU63 0996 6980 3025 4823 6005 5286,aabeau53,qimzj5z6FrGL
1185,522-71-0778,NL77 LIXN 5370 1805 33,akennally54,OtheqTLdDcDW
1186,812-17-9430,FR17 1351 8154 25FI DGQ8 LXZP E85,epoleye55,tq8yW2L
1187,727-22-1507,MU48 CGSU 7514 6151 8162 6293 815R UP,eluckey56,O6QILz
1188,411-03-5067,GL89 6040 2818 2274 39,mbleyman57,zFjElqpkaRI
1189,766-07-1429,FR34 3754 9487 56BG V9LG SRQZ Q22,xdoerrling58,VYf5VInsb
1190,145-31-3538,SE74 0045 9947 9885 7781 0134,alawee59,WCCQB33ip
1191,719-09-9289,BE70 9565 1873 8049,mmarcham5a,xr6sKsAaT
1192,104-75-5480,SE56 5109 0235 8341 7879 1198,morthmann5b,42UNbN
1193,837-43-9650,TR44 0088 0SQV BJPS IEJB IZQD XL,dzorzetti5c,6bMlkVw8D343
1194,689-06-3054,DE81 9667 8559 4334 1858 22,kgurton5d,UkPqel
1195,108-90-8162,LB59 3149 RRSG 6GKK TSTC AVQO ZAPG,panton5e,eORebvsFm8
1196,865-42-8662,HU03 9506 8957 0235 6334 4725 0940,laverill5f,wfCp1WqN
1197,468-55-0745,PT40 8172 7005 5155 6551 2124 9,fdunniom5g,j67P65lny
1198,836-05-2602,MK35 4379 3P7X PEQT L45,mbrounsell5h,meFXTye
1199,139-58-4025,SI94 2468 0248 0542 466,aavard5i,u0PwdnhXRN
1200,587-54-2702,FR19 5106 2921 03HG BOS9 AKWI 670,kmattingly5j,eURof3
1201,279-91-2727,BA03 8616 9552 8847 1085,mkinleyside5k,OPctyux5Mo
1202,650-13-0943,FR15 3230 9023 79PM ZFXZ YUNG Z21,gkilbourn5l,YX4ZNt0PRQ
1203,537-77-9838,FR47 4175 8635 04KJ KDE8 Q6CW M83,fjickles5m,0h4rpzqRJ
1204,371-08-2819,GI93 ABPS MBAG 7BSD FSTP ZBR,onornable5n,5wkUJfUaZARs
1205,262-84-6007,IL60 0943 1397 6055 9540 793,rderwin5o,PbrcLFy5xg3W
1206,159-56-7889,PT47 9229 6039 9441 7982 6208 2,fhalesworth5p,Ql8i7AsutPA
1207,196-59-5206,FR81 4664 2319 961T T2AL RASK V47,cmaddison5q,N50QujgMZO
1208,468-02-3313,IT50 G347 4146 395G GLDM JBUX S5U,wartis5r,2xZfgg
1209,347-71-4659,RS05 5998 3851 9734 9498 73,civashev5s,LYOG42
1210,589-39-6298,RO06 OEJZ JUJM O7QB YNQV FF9W,mcamp5t,o9yVP2JsR6H
1211,647-88-9771,FR87 0168 2910 99NH 5QL9 M05E D35,dlloydwilliams5u,3wCVUgzus7
1212,639-14-4434,BH22 DDET KRUH NPDR DPUZ EC,ldewfall5v,j0bp1k
1213,502-83-8169,ES70 2369 9484 0861 9079 7663,hmechem5w,9ydxpfwhu
1214,106-54-0383,RS27 7520 2474 6908 7983 13,aguilaem5x,JvTgDD
1215,673-51-9479,GB09 TBMT 2575 6739 2195 37,sfollen5y,Lbkb2xnvD
1216,250-79-0359,GI92 ZIZT IBJT DMUO KWYH 87P,bholyland5z,0gZ8qRI8y
1217,613-16-5277,MR53 0978 7485 0800 2424 8375 785,ldowda60,VD2Lqu
1218,504-42-2231,VG58 ZWYW 9138 0402 4843 2196,dreddy61,ekP0LAB1Aj
1219,475-42-5149,SM77 Y610 7005 558E URH6 G8DG VXP,gvannar62,Oo3JwWd
1220,826-03-3740,PL30 8073 9098 4929 1029 4543 6780,bwitter63,o4ExlzS6d8D4
1221,340-73-3480,MD04 4EK6 KVAE KXXO YMKA JIXH,slauritzen64,9QajEKS
1222,644-59-4441,DO77 BMJQ 8242 7790 5072 1195 2137,pmack65,sAcyNE
1223,534-89-8238,FR03 1136 1502 78WJ AUIQ C4J0 J84,ehillitt66,cLDBqfWwqY
1224,347-30-8989,PT66 4128 2790 8371 7502 0103 4,fcatterick67,Tih1jSfiGy
1225,764-17-7799,DK52 2156 2690 5717 97,egame68,vSqRc5Rw
1226,384-88-1815,AD04 8151 8594 YT5O AKNQ ZUNK,ewurst69,duzmIHj1
1227,397-78-8451,CY96 8001 7167 ANKI AMEH CMPM FM6T,pchipping6a,LkXuUpkSv
1228,270-05-7098,BG33 WCZW 0768 29ZC LJDP TE,ljerrans6b,RYri3mRHVcw
1229,761-59-2271,SE38 6553 4090 2390 3395 2429,llavell6c,6VtT8y2
1230,363-13-2985,LI86 1427 8O5L CH5Q SFDW 6,calwell6d,sMBUViv
1231,437-84-3990,PT78 6365 1106 6775 5620 9439 1,rgeikie6e,Thps5Tz5vM
1232,248-08-2658,TN67 5068 0460 7569 9896 6923,csalman6f,JqaIhmH0
1233,567-48-9574,BE34 4435 1058 8933,aodlin6g,eJOsRah2E
1234,320-71-5835,IS12 6150 4183 1976 8655 6228 04,bclilverd6h,BWKmRclADPf
1235,177-29-6465,MK71 508Q HBSJ M7CQ A77,wstubbs6i,vtUzpw0Jk6C
1236,223-94-5110,MK22 690H YAMP ILJZ I37,agullam6j,a7bA6q
1237,291-11-2884,CY75 6379 2289 K6RH 5VNM KYD0 7TLS,mchopy6k,RLcxlRdtja
1238,685-68-6080,CH49 5341 7ZVN MOGR BYJL K,tcandish6l,uo1iiXoO1
1239,622-69-1311,TN25 3773 6615 8857 6940 6008,mpochin6m,AH7XB5Uad
1240,717-37-0065,FR37 0044 8164 72P5 G50J MLQR B47,fferrea6n,PezLsMv
1241,430-47-9286,BE91 1561 2476 1929,jillsley6o,qAHU0Vh80ZQ
1242,179-81-3755,FR81 8980 0780 94DO JL4Y PZRK S91,prennox6p,fk12phPejRB0
1243,499-62-5099,FO62 7825 7963 5339 78,lmuddle6q,JrRYgbCP
1244,191-74-0658,FO13 9235 6126 4484 39,bsuero6r,0x0g86Aov6
1245,358-08-6759,HU35 4095 1571 1620 1674 5561 0558,asygroves6s,llMN5J
1246,731-16-2988,SK29 8715 7054 5866 5930 2696,bfellon6t,ZlEXiplj
1247,709-70-3649,KW68 WBVF CT0B UB0F 4GKQ BR5Y CVCH UQ,fboud6u,htB5qrI2NMmm
1248,232-01-7781,MC37 5923 1327 74QA CFFI THVT C48,bdurnall6v,0Pr09cNK
1249,780-57-4048,KZ90 749G YG6X 64J8 OOGG,bvalerio6w,jVGHtIcXHv5w
1250,381-95-6096,BH56 TCNC HYF3 XMSE PHPS PX,ecaisley6x,P6becbc2AuDJ
1251,493-17-2235,CR36 3789 8317 7092 8003 1,tbrassington6y,EI3yuSd53F8P
1252,867-57-8476,DO15 RJUM 0569 0435 1577 0085 0877,jbathurst6z,oJlfg2nfYx
1253,224-45-8582,GT80 5HV7 JGU4 TZRQ POHZ GECR OJ9Q,vcasswell70,wIDhkJ
1254,759-91-9195,CH68 0463 3BIF ROR7 M5WH Q,yrudland71,gFzOMvVDsJD
1255,763-06-0610,NO65 8298 0361 017,tblowen72,HrnklggzikZ
1256,671-10-3250,LB16 7168 LS6D PTRP BIAH VSDJ JU8X,idellenbroker73,pmzzYIGQqv
1257,887-57-3486,DK97 1844 7336 3723 69,fwillmott74,rQlhFSmv6h
1258,851-13-2639,FR03 1021 3246 71TY 5GQK AW2E W66,gfettis75,xRa59xrXPaSL
1259,453-49-2132,LT13 1688 1076 1256 7120,lpregal76,TvnpewIqq
1260,371-02-2003,DK71 3575 6158 0674 30,rdrohan77,j6mFSC
1261,107-55-7765,GR36 3629 1569 CSCT 64QX OLQN ERT,edudderidge78,zdlVGsqRLdjX
1262,648-88-0609,FR85 0398 0877 30YG 32UG XRPD S30,djanning79,QAR3UdD2kRs
1263,719-29-0912,FR90 0157 2982 74SH IYGZ 0ND7 B37,tdulen7a,DifXdDAD
1264,321-37-9748,CH27 0802 3MCF ZOXF IJRK X,smcilory7b,d9YlcoXiEL
1265,543-91-9111,FR10 5344 9424 37Z0 UNIG WGBC X18,breimer7c,jGfEhXSuOFC
1266,684-07-6676,CH22 1477 843L 5RBZ KAOM Q,nlangthorne7d,UtWvaybY7jWX
1267,863-90-1091,SK12 3569 3048 1763 3178 5301,cgullick7e,9DXqcKA
1268,456-76-4201,DK82 5221 8612 2009 41,csparshatt7f,yf0jhJlCAvPw
1269,619-17-3293,MK11 138D NYIX HBZG A90,ganthonies7g,Ft6frx
1270,847-36-4743,MD09 M4ZE MXCH 4E6N XWXF XVJM,akwietak7h,4z3SxllIjAXS
1271,819-86-8347,LV86 YQVV M3LN A2TX JA61 G,bwhittle7i,9q1a8QY6q2
1272,501-17-8200,AE35 3686 3307 7871 9952 953,stilby7j,ZnLpjUOdlT3w
1273,149-58-9565,ES62 3700 7188 6292 7925 5447,hchimes7k,5Pi4XKGJjv
1274,551-83-8396,CH68 3842 6QFD YRUH K09D G,tvinter7l,nhbMHqryH
1275,715-52-0222,AT36 4853 5532 8026 6395,dralling7m,ykAkcy1Ou6
1276,262-86-7459,PT85 1576 0912 8287 5864 3516 6,ddoorey7n,3NpZnUve
1277,828-14-4951,TR48 1079 9WMB XKA2 VDHR FYPM BY,fsharpe7o,5qzyad2Yl
1278,170-23-7334,BE08 4898 8246 7213,cwhistan7p,X1z9VXWi
1279,812-23-6868,ES89 6200 2863 4318 1697 3088,cgledhill7q,d6Ar5ry
1280,770-96-5229,AE84 7368 2499 4016 0308 614,kcomley7r,VJoMGyvB
1281,325-33-3284,AD83 8516 0641 E2VP UTWF KEAK,bpotten7s,LBTNK6
1282,237-65-7259,PL20 6823 6593 5681 9035 1632 9084,rliversedge7t,9tj7R1Iw6
1283,327-71-1116,BG12 QBYO 9336 53HR QTI2 EC,lbysaker7u,HTcjuQ
1284,730-05-9305,NO14 1886 2260 209,kperse7v,dfcu27clzewE
1285,833-77-3082,GR80 8565 582N H5BJ UVSL IZZO 6CR,mpilch7w,Sm2dFjuh5dMF
1286,818-59-2471,NL88 JSKV 6486 1599 49,bjaggi7x,OQlhsui6
1287,672-76-8907,PS64 JIGQ YIES UNMW N9EW BFMO QBLW 0,sdrever7y,rpNPARa
1288,848-61-9424,MK61 992W LZWH S7US B56,mfelton7z,Pd0HJs3C
1289,829-78-4467,FR04 6223 7945 10OL 4KPE BIVX G93,kcoupland80,QkqGuSW1NYEt
1290,267-18-2271,MD81 OA04 UXAI S6MP M1XG WFGX,zewbanke81,msP6lkfI
1291,898-61-0971,FO70 3233 0552 7796 83,cstanyland82,aNFlXGuFiAP
1292,168-29-8225,BH80 RYCQ JH5A UZPL 1GQI HM,kayto83,I1CywEzVZQ
1293,371-82-1586,ME53 4103 0224 0128 6251 83,sklimt84,43dbbf4pZ
1294,385-25-0048,AE78 1525 5641 3710 7894 943,proome85,5x4rbXc9
1295,503-75-5930,HR45 1090 1034 8517 0572 8,gandretti86,bEYwKS7PkrZ
1296,248-08-4280,DK21 6578 8952 8721 02,echambers87,a7DLvHlzAE
1297,106-94-4055,HR04 2422 2603 4024 3234 8,lvarian88,hsiD8dJmO
1298,893-15-9724,FR27 8455 9438 14PT VW2D VZR3 Q58,erow89,EF4o7Q1G0
1299,830-50-9920,IE51 BWFO 7908 9089 2496 62,khesse8a,HxBkHozOYvu
1300,565-04-9131,PT05 7152 1910 7129 5810 6223 9,cbemment8b,YXVpXJs
1301,185-11-4928,SI97 5254 7321 8276 868,thurton8c,PxYNRFpHy5Ma
1302,795-09-7446,HU16 5993 8789 8045 3588 1996 3681,kprys8d,yyalWFEBpno
1303,619-29-4668,FO29 0409 2677 4007 69,xshawdforth8e,G7F3oJn3K
1304,851-38-9614,IT04 I713 5176 342G IV97 JYNA RZP,lrumens8f,AMX8Gb
1305,436-83-3050,ES67 3595 2349 7221 0776 9818,bpieroni8g,Jg1WIdK
1306,536-04-8670,FR80 3358 7080 39L8 ITNS UJDC 249,jlangeley8h,85gIFE
1307,153-24-3435,BE91 3454 5294 7534,agowrie8i,l3S7gTRy
1308,464-09-6027,AE48 6426 4586 6249 5486 139,cgaze8j,jrHr9JfSF
1309,190-49-5597,CH08 7112 09M8 0C5C TKTS 5,gkalvin8k,g0Fu57ZPO
1310,356-35-0837,CY31 7742 0475 ZFVM DSQ5 HQT9 WOTA,hmandal8l,zCNlkkXTBZ0s
1311,152-25-3214,CR06 3994 3612 8703 2137 5,bpenvarden8m,fPl7IixUqwY
1312,410-16-2652,PT64 8371 0573 1317 6767 4288 9,mwickersley8n,4IREdeQC4x
1313,767-37-8621,GI66 QPMA GG9P NK1Z RD8J Y2J,csartain8o,PTesY0HNtN0
1314,162-26-2451,CY55 4070 6306 KJW6 MTM4 KCRT UAR4,alogue8p,wf9Z14Et6QBC
1315,194-49-5410,LT46 2893 5030 5874 8815,ldavidi8q,mwiDOKIjgfVk
1316,885-51-3877,DK07 0588 2534 9023 59,lbohje8r,Bnaiuzq0Cj
1317,625-94-6036,SI03 7379 7466 9196 651,mdelayglesia8s,ZSVAMSe
1318,400-08-5687,FR42 0990 4009 03TB GZC5 9MBF U59,cbarbisch8t,GGEzVAJb8z4
1319,682-65-9793,FR26 9511 3984 13XJ SR1F LE0C F94,ecosley8u,rLAtLQ
1320,848-69-4910,FI98 3927 3822 6373 22,dcribbott8v,zzJbNbomYA5U
1321,118-24-2252,SI44 6287 5299 2072 732,yfassmann8w,uMT6rZZ9k7
1322,891-56-7567,FR35 7083 8441 25PS RP2O RZTM H33,cmcgillacoell8x,JKuJrOua
1323,123-19-4813,IL37 3534 1221 7766 2366 455,ccuseck8y,onQUcwXGKKR
1324,365-52-0098,FR72 1654 9560 477K CEU3 BAPX 313,jmcnair8z,1cmrQRBCnob
1325,722-88-2798,FR79 9186 9628 85EE GWME PTGO B74,dquinney90,hkQNFXOYiNS
1326,122-52-2323,RO85 QIIE ZG8P WK6W QENJ KSMP,browan91,ahDR5rHUR
1327,110-51-2932,AL42 5827 2363 YUX4 CXB6 YKGY RUYG,glambis92,cNkRK53bBZ
1328,426-84-2502,AE11 8879 9398 4646 1641 524,hchatel93,4FdCfID1
1329,300-92-1999,BE38 0620 3972 3948,bcane94,iE8BIcVz0xH
1330,682-32-1708,FR11 3918 6960 50X3 PLBG GOYX F09,pswanbourne95,n8Y7KIz
1331,497-09-7622,LT10 7961 1502 4534 0056,sbeincken96,Ogs8BP4cyB8
1332,467-67-4322,DO72 RGUW 8105 9075 1915 7304 5992,kcratchley97,MELihhbIj
1333,710-09-5717,MC14 6525 7878 35RW VFGK EBKX M89,fcristofvao98,kpXfXZan2s
1334,711-37-6977,BH34 HEKB VDDV QTND Z93B NB,kgrinin99,c5644L9IyHPs
1335,287-69-3192,FR24 6835 0688 733E QUUK K6AP R94,bticksall9a,F5eEIU9eEOg
1336,304-91-8917,LT89 6087 6788 2649 8314,ldiperaus9b,PnhnMB6eYjsz
1337,413-96-8797,SI62 9203 6578 4021 874,amadgwich9c,OPdkxdrpZIXz
1338,232-67-4005,RS91 7997 3886 1212 1860 20,jradwell9d,TcXsjHli
1339,557-10-0536,AE36 5306 0298 4726 0531 488,zrubroe9e,eG5fI6p4lq
1340,460-08-3077,SK55 1979 9838 3335 9680 3296,hgiacomuzzo9f,tiRAHGYoZKQv
1341,445-07-4682,DK45 1417 1433 5544 82,shallick9g,GwvoLXwy
1342,569-70-8504,AD54 4246 9296 CQ0D HXE5 PGB3,rbru9h,vQ3A6b5SkR7g
1343,164-25-8485,AD04 5448 8257 MVNX D7PN 2MRS,xtassell9i,B5jjG8ld7ykZ
1344,205-09-4062,EE93 8442 5728 3782 7772,esandeland9j,2fKV1Ls
1345,404-94-1579,PL93 9385 7264 0690 1228 1407 2514,mcuttle9k,Vry8pZK6Z
1346,829-48-5259,FR30 3953 4424 90NH VHPP HUMD H05,svaugham9l,CYe4NA4
1347,369-88-4131,FR04 8555 9619 64CX MWM6 RFG9 H34,eflatt9m,h3NYjJyPt
1348,477-23-7286,IS03 1419 5916 1173 0343 4685 62,ncutts9n,gWiCh94
1349,367-60-7906,FR39 8231 2539 14U8 9N1C FYFA Z73,bfolbig9o,njVgY8d0R
1350,475-50-0489,LV78 OXNT ZGXG 12NC Q5I5 S,bblewett9p,m22krEfow6
1351,776-59-8472,MR17 3097 8646 8368 3927 9617 481,mlynes9q,euRd3cZDTLE
1352,440-90-6417,FR95 6286 7349 97Q8 IXAS NWVL E90,etapping9r,LZYKbub
1353,623-85-4287,IT50 L498 9060 674B 5K8B PDOL OKT,vpellew9s,NDrwDXdp7PW
1354,489-77-0695,FR07 2636 0645 25PY ZAJH TUHR B47,mpass9t,P2J5lBtu
1355,175-24-0635,AZ92 DFWY UVUL NZD5 6N2Z PXDH KNQJ,mfrancesc9u,dZyNHlORfeH
1356,720-12-6504,CZ29 4974 8910 8472 3711 2557,bbouldstridge9v,eHlbQnjCpfB
1357,585-80-3700,GL83 4682 3112 0892 41,rcreaser9w,SkyZEcYI
1358,461-60-4095,RS60 1582 1172 9841 7036 08,wfassman9x,iFNnis1
1359,727-21-5337,NO24 7195 4776 827,giltchev9y,BP9URB
1360,214-01-4062,GI59 USBU MF76 UBO7 T1YL MMH,bhurtic9z,MR8Y3N1xsF
1361,101-21-0057,FR47 2810 0919 65W0 AXK4 XIN0 C30,kpauwela0,0W4Z8oUkpJop
1362,701-16-6327,DK39 1882 9469 6104 89,bsilverlocka1,mU1jDBm
1363,825-34-8570,LT49 0727 3674 4036 6662,amccaluma2,xBuAhz26
1364,761-16-7636,CR48 9549 9497 4071 6668 7,apaskerfula3,9sRoCpVVn1Q
1365,625-75-8282,LU13 156Z 14YG KAFX OVQ8,cbaldinga4,rorHZh
1366,494-89-7576,SE33 1253 9518 5366 5774 6190,bbloxama5,t1yLFm
1367,742-36-3101,LT71 6553 3104 4007 1375,tcalderaa6,HWMTNyQ
1368,320-88-7942,AE37 8341 2305 5922 5882 813,easchea7,fASuSiEoy237
1369,469-81-8228,MT44 CERB 6464 2ZVY EKJP VCKH LD8M ZSJ,lwhitmella8,sOnGoG
1370,599-26-5177,BR86 5490 8156 2787 5270 2421 800V T,wboissiera9,7cCLSJ
1371,783-04-9259,GI57 NWXV JYXF S3G7 SLXS TE7,tazemaraa,maNMLicYiqK3
1372,323-68-0447,MR26 6564 9383 5501 7184 3483 561,lcasselyab,BfLcmqf
1373,584-20-1608,SI54 2776 7536 0232 295,odashperac,MpY44Du
1374,576-60-2127,KZ41 797Z MEC2 OB3H S1EZ,lpudead,EGWZNbnbr
1375,656-01-7462,GE07 WF13 5948 7863 7217 76,jplumbridgeae,AyqhAe
1376,500-84-8685,FR21 3655 9486 81U6 TKJB 5NWA I60,pcopcuttaf,MId8Bc
1377,755-27-4434,MU26 GFBX 2576 8544 5343 9260 873C PG,dcockshotag,mTZKnj
1378,728-43-6721,NO73 3878 7320 729,gbrydoneah,iJNifMS0
1379,181-64-6737,FR21 2853 7454 99VX P2QF 5T4U I99,fslottai,RpJ2v4vnfIv
1380,750-21-8190,MK53 736K DGO8 CKOG C34,lkoubekaj,naweIq6a
1381,409-71-7891,ES51 6441 9850 4445 2454 8634,daslenak,gt2VWqpHbUf
1382,325-33-1414,RO48 LDEC CEWZ QLOY SBN9 BSCZ,wigounetal,MaXODt2
1383,359-29-5249,SI21 7284 0323 0375 678,slassellsam,gmBjfCO
1384,637-33-4457,FO98 5125 9773 1772 53,rpeatan,WC3HIAh
1385,134-02-7659,TN53 4549 8584 4264 5843 2034,vfrancescottiao,Cf4TDr
1386,485-73-0573,FR08 6115 3592 22SO 3HIF ZTPL L78,eneesonap,GKc5bctriBl
1387,630-22-3956,FR19 5576 5764 95U8 WSQH OMEB K05,weliaaq,b0VacN
1388,724-40-7236,FO08 6422 4316 9034 41,gcassar,lETOCIAE7r9
1389,397-46-3512,DE64 0701 6634 0050 9064 33,tgandyas,TVTpEI
1390,767-70-9608,CZ72 0491 5946 2192 3724 6068,cphebeeat,hrrWKsh7c
1391,485-69-7619,MR22 9213 0107 3643 3807 7990 031,rodamau,5f6NRL33x
1392,216-35-9443,HR60 3982 6144 6200 9677 8,cmathisonav,q71dPqpFj
1393,109-75-9757,FR02 7012 1538 25V9 IZ5J DQEA A13,ccleatherowaw,hUfAB9ArRp
1394,381-67-8042,CZ84 3979 7082 0884 7464 6359,dharryax,LA3f1EmPHX7
1395,372-78-5780,CH39 4768 7EVN ZUR6 DYWZ W,adobleay,Xt5xeD4vN1y
1396,351-02-6679,DO55 WWIA 8834 7782 3042 1873 4748,aknyvettaz,BTMWCA
1397,468-73-6892,BR66 5828 6746 1739 3007 2666 651B U,aantushevb0,7UjK6TJVkt
1398,253-06-0808,BA85 8533 2807 5684 5592,etraslerb1,P45H1ju
1399,684-37-1898,AT13 0448 3322 9532 7328,cperchb2,hCnqY4kVz1
1400,342-33-7929,IE40 HXKH 9066 4924 7965 09,tbrehaultb3,lDiXf8h
1401,816-03-7122,RO66 JMWC QWH3 VRMY DCIB KRCD,abellshamb4,egR3NRUllVTn
1402,380-82-0138,SM40 A531 7964 577B CKJX QVHY N9E,ccavalierb5,YgOq10y6
1403,783-83-0638,EE46 3770 1576 5942 6772,mtattershawb6,hwU7ALrBuVp
1404,746-38-8848,FR42 4036 4852 18JF QXHX BEBZ O31,rhaggasb7,L9bI51APp7
1405,865-57-4213,GE07 ZO92 1347 9742 5343 26,ocalowb8,eIVs4fSMilh
1406,318-30-1414,AE36 0828 2161 4443 0690 289,qbendigb9,JrvTzfydG
1407,844-50-5703,PL05 3604 5243 3449 0857 3955 1833,stossellba,2q4ZL7Ra7r
1408,606-74-7461,FR12 8336 2320 87FJ IA8G BUJZ G84,ceustonbb,kGezGSu
1409,861-51-7124,MU51 XONN 9197 6453 4366 5761 802T EU,ebunchbc,2Y2SBM
1410,530-50-5226,LI95 4811 0BBR 0W6A DWK2 V,nsnalombd,2LayCAzhvcaj
1411,293-45-7771,VG68 JRJR 9678 3528 8031 2533,wdainbe,obqgLCj
1412,826-73-6394,GT97 OQID JFSV KSIC LKZ5 YVPY RS3N,nfranklingbf,dm6K3Vb
1413,704-35-9393,PS66 SQHV ZLMJ GDGN VXMS 0ZGD SS7O 3,amilthorpebg,NSqzjJWZE
1414,776-46-1302,FR62 9054 7767 81D6 CWJN ROKC C52,jalywinbh,CXZ71M
1415,520-16-5367,PK53 KMRP SW2I L95E UKSA QNJX,vrensbi,rTXElP4Gip
1416,329-97-3724,SI56 3190 0935 9117 612,tpoynerbj,3eX5JMa2
1417,372-53-0550,LU07 246O DZ7C OEYW P4K9,tsteartbk,as9bercMTM
1418,773-57-2385,LU78 129B UOCM DOUU O5XP,aortlerbl,6fCcyNRIiagA
1419,132-58-6443,PK71 ZVXQ DFAP C62P SR7J AE1P,glocketbm,TvnS5wn
1420,854-02-3726,FR30 6134 4571 304W EYWZ HZWT N56,ageneverbn,cXmzJpN3dvEV
1421,793-41-4501,DE83 8280 4572 1017 7537 39,rsnelgarbo,qulmHONADb
1422,128-90-9736,FR80 8146 9578 94IE AOKZ VWZY E92,jcarikbp,HeAkTFjH
1423,163-43-5112,KZ83 738Z FWY3 JBDS FTKS,lprenticebq,MlYZLoCvM
1424,648-85-9636,TR25 2401 0AVD CDW7 WCXH VLD2 JJ,bgrationbr,wR0io0B5T
1425,394-74-7235,FR54 1423 7618 29NO 5JAC RHBO Y22,wbazellbs,nfNyze34oS02
1426,757-96-7349,FR04 4863 0698 20KZ W3KP JDMZ T61,phampshawbt,bRQa2RJu
1427,770-54-4541,BE66 5078 0880 9965,cbridelbu,elpzF1
1428,786-94-5403,TN27 3127 4034 9150 8205 5029,aprisebv,hT0cVt
1429,293-97-8806,RS73 6575 0502 5835 4181 35,aaleksandrovbw,FePEk3RaeJt
1430,681-26-7676,GL69 5337 6801 7683 27,twhitloebx,h22X8DQ
1431,593-86-3182,LT12 3346 1633 0597 6787,lbazellby,GzZAKynLvK
1432,327-14-9419,HU27 0360 4103 4651 0990 7922 1985,cliversleybz,ousy4MAUdx
1433,776-49-5372,RS84 2823 8059 3793 9310 67,kpaladinic0,59obcpyk
1434,369-81-4455,PK74 MSKZ YEOY MDYU VEPI MBLJ,pplackstonec1,kTUKTs94X
1435,395-44-2470,BR91 2098 3142 6363 1230 2665 364K R,lschuchmacherc2,HcCbniZfM7K
1436,840-13-5606,EE61 5026 4691 6726 8311,mtankardc3,5t9HgWb8L
1437,469-82-7398,FR83 3726 6792 37JB 7S6B I8D6 J35,rsapseedc4,cDJNrNHcY1
1438,791-56-4258,FR80 5753 6836 06FH QGT5 BJVJ K51,mbadsworthc5,KdGagf8Cb
1439,331-67-6948,MK51 173U QTGN PSVA B76,jboikc6,ut3axGd8
1440,839-05-9751,FO37 4143 6632 1253 27,ccollatonc7,zv6TIMc
1441,747-74-1233,FR39 0147 7517 74RE EO5R FAR8 P67,eballantynec8,bk2XUVd5OB
1442,736-96-9830,DE66 7930 9353 4561 1865 58,edevillec9,T8l5rWEV
1443,497-24-6735,FI42 7330 9724 8424 31,jgiffordca,Yo1acdhUQ
1444,175-42-9372,AE66 5363 3718 1151 2688 742,ajohannessoncb,cMTD16inFe3M
1445,537-02-3206,AZ88 HAAZ CXZ2 RV36 COVM DSJV KAZR,tmateocc,uJrakp
1446,255-18-0322,PL52 2231 2766 1203 5951 4297 0480,cjeffresscd,HfD6Fq41Ul
1447,619-64-9477,FR43 5909 6239 36E2 WEYG LGBE Y94,cstonhamce,htI8hZ7f
1448,553-73-8027,LI63 2460 9M7G CE1P UL9I H,rtiddemancf,T33lx09Mie
1449,777-86-4699,BH73 MHFB HJQV 6RBE 9PPU 41,smerrisoncg,sOpdeHTl
1450,255-37-0304,PS12 WRJG 5NYQ DF2W OVPC G8SM RC1O 6,jdimitrievch,4c5rkS1K
1451,330-76-5289,AD49 6923 1861 1TY5 Z1KL MCTM,eettritchci,EP0ljzVH
1452,888-27-9585,LU20 221O AJ0T EV8X RL8C,rgodfroycj,7xCYPsW
1453,344-67-2007,FR78 2785 9692 42MT RBSO FBUW X17,nkitneyck,uXvYD94P
1454,191-84-2519,HU97 9115 8112 3934 2236 8641 4715,gbunyardcl,RKNaC9
1455,200-88-1779,FR59 0218 7357 92VS R0TW D3GF D30,keakinscm,yxWuzEt8
1456,488-70-2532,MU66 XLSW 0690 2254 3735 0326 117R XX,lhunnybuncn,sXomkUTT
1457,661-78-5291,IE88 DVDP 4970 3079 5056 75,traddenburyco,fHu2vh
1458,825-62-5147,RS15 0765 0887 6013 8763 89,jlievesleycp,HRP5ySD
1459,385-65-3556,GR14 6025 024Q WT8Q VRS2 DTFA 6ZB,esaterweytecq,aL9MJ5
1460,542-92-6261,FR80 8608 1862 43SS HWZL KPVP L95,lklimeckicr,XCsR4KraK
1461,464-07-9377,FI13 8681 2529 0521 38,hglydecs,uLG06P
1462,185-86-0176,HU70 5665 5927 7909 0225 0687 4067,rspeakect,erdFrLO5g
1463,282-19-1709,AE90 1446 5319 9138 5923 724,lcassamcu,rP8fhXv
1464,748-37-8232,AL50 3296 4731 HI1L L0F7 CJYB YZIJ,pohairecv,DyQB7dgt
1465,365-51-7070,SE52 6534 0118 7579 8144 0320,brabbittcw,Q3lXb83x
1466,711-50-8264,DE28 9775 4998 7229 0116 93,eboultoncx,pvkuT0mA
1467,572-82-2422,BR43 7381 7039 9349 0590 4345 075Q T,ltowsiecy,Ih8ZY9btO
1468,131-77-0032,ME65 5673 3318 6956 4614 87,fwatchorncz,CEPIlYcBH2L
1469,563-42-7821,IL11 3690 7360 4102 7508 888,gjedrzejkiewiczd0,mnloedlYH0C
1470,240-14-4839,HR81 0496 0188 8868 1446 2,mdeckerd1,FuAwVhu
1471,554-32-7971,MR83 5783 2715 9778 9520 1287 090,dbolesd2,y0wtan
1472,330-52-3138,PK66 ONLA PCPA LFIX KTBW PXJ7,evischid3,WA8kOw
1473,596-93-0778,VG16 ZLFA 9002 1813 1259 8884,isomesd4,WAzZqMJzm
1474,584-43-2679,SM78 F926 0018 587G TOQM 1WVK BF6,ddannelld5,WJ8Wqbuc
1475,315-11-1618,FR26 4206 4248 22X3 TT8N MSDB V99,cgebhardd6,ZYe8DMsNzK
1476,309-54-2629,HU97 1707 7766 6951 7921 3956 4668,ddunstand7,DtlSbVDX8
1477,335-17-5109,BR46 4925 3282 0974 9671 1247 025U B,mpieterd8,RqLMUq65
1478,330-58-4435,PT84 9878 6909 5624 8076 5898 3,msouthornd9,2RRsJFe
1479,745-85-6617,FR09 3608 6866 78JB AA5X ZMNW U04,cleggenda,DgoFZh
1480,630-42-6674,BE14 1964 4699 8380,gionnidisdb,dxeKp0
1481,756-82-0556,FR96 5294 7743 44D5 E2ND AMDP Q53,fpredc,4R0BiLeyDl
1482,482-34-0158,BH63 JJVS RANP 4FBX SPUR JM,esearstondd,Jw4qLP7Ks
1483,608-47-9924,PK16 LBGT PF2A 62MA E185 J1MP,dsimmonettde,0hCZQe9gEvpH
1484,513-82-2837,BG79 OKKQ 2216 51IE YTEX 8V,eabbattdf,SlTTaw8uJ
1485,448-53-2825,CH21 2246 5VRB 2UM6 NEYG L,zpodsdg,OiZXlZRs0Z
1486,890-59-3172,SA37 26AS BNQB ACLN 5ZIS BYWG,tapdelldh,SQLyCXVT3
1487,312-59-9026,AZ75 PCSU WOQE XKTQ DPMQ DSEX BNFR,belgeydi,2DliXNK
1488,701-10-7573,IS10 9914 5844 9039 7102 0156 44,nhannahdj,P0jsgpUd0f
1489,629-81-5674,MR63 7968 9380 6225 3788 0172 556,ebiaggiolidk,ko08gKQ8
1490,147-22-5954,MU11 KMAX 0884 0772 9015 0275 535U RI,wwillarsdl,kfv5i6Q36dC
1491,472-66-1856,SI14 5069 1341 8981 893,malflatdm,JEwKAD3
1492,658-04-4523,TR97 0163 4ZZI NVSU LGBL KTKB ET,cbellengerdn,8fIrgu
1493,530-78-5463,LB87 7237 RAZW OJA7 PTQX AC1M HXNK,ptalboydo,4P0nDh97f22
1494,385-44-6175,SK18 6013 7241 4033 2653 8167,jsetchelldp,UcBUWE
1495,740-04-5881,EE79 8747 2003 9475 3769,cwestgatedq,ODvhPr
1496,133-67-8868,ME47 7582 4306 6742 5702 97,dfranssondr,s1GPiBd9uTl
1497,874-05-1741,LT15 3305 7280 3952 3659,hseyersds,CxK0KT
1498,204-04-8815,GE65 NK76 0199 6872 0803 01,rraycroftdt,QbxDtxfDR
1499,299-65-3130,KW97 TVKK SDE1 XS5Q 9BZK FSW9 OWBB QE,ispatadu,i4fwWsU1I
1500,801-64-3745,KZ65 244Q YUBT 2ZDW XVZG,ateasdalemarkiedv,rLJ3DyS
1501,109-49-1332,SM15 Q626 1745 116E TFH1 AMFZ FQJ,lkirsteindw,DaujgS
1502,833-57-1823,SK35 4994 6513 9726 0618 9262,mespinheiradx,igCja9P
1503,636-32-8323,MD49 04W6 B83I LI8M SOGQ ZNKH,valdwickdy,wk1zF036UQz
1504,813-44-9415,MT03 LJMT 3000 7XWZ NLCP PLIV XF6P YQ4,khitchensdz,sQ0N6DnFeMdo
1505,154-74-5484,FR66 5301 6635 2676 GCMH 4DQV U95,mmcgrathe0,Hinvitx2UYu
1506,110-92-6725,NL08 FYQV 9252 1409 48,rhumburtone1,DUzu99e
1507,872-93-9365,ME88 9355 6668 9778 6558 89,ohospitale2,GzfXz96K
1508,557-19-7914,NL07 OENT 2046 2062 01,uhawlgarthe3,5OBvWF817ad
1509,765-13-2332,AL54 2760 8467 2OTX CJ91 TUOE MU2R,ajimmisone4,fCMaPBfm4Q7
1510,581-04-4686,CH61 8764 86RO OZBO COIO J,ttagge5,qIzySqg
1511,766-53-3457,TN53 5112 6155 1719 8631 3269,dtateme6,VFFeO8Hr0X
1512,239-40-0965,FO84 7710 4053 9453 90,bstefanovice7,tEM531yXdz
1513,802-43-9823,BR23 3269 7948 6646 1234 0384 328E 4,adibbee8,ajxf9aDmIQx0
1514,230-40-9331,BA71 7967 1912 0967 8151,hposvnere9,f2J75RG
1515,451-98-1749,MC75 6009 4320 96HN XAOG 90DU E77,gtackettea,AQAiSWlz
1516,820-64-0791,HU51 1225 3070 0561 3949 8418 5588,kantognellieb,RZRj4I9ZW
1517,145-87-9415,DO15 OTYJ 0004 1187 1136 3878 9829,sidneyec,I4VM0pI
1518,634-62-0631,LB49 5085 VRDS GAPH OYV4 4J87 QWZF,asteined,IJnnz06pQcEZ
1519,649-81-1952,BG36 NCQU 2416 43K9 8IDT 93,kvarlowee,D9D7YK
1520,828-37-9947,BR12 4918 5672 5267 9209 4823 272O Q,dcroneef,PE4b5etmCqP
1521,306-83-0803,IS90 1895 7337 8630 2742 4414 98,ccurrereg,uHYtP9mU
1522,356-73-1097,FR09 2007 6432 85IE OJZD MVYP G94,rodgereh,zdzr48N01S
1523,431-66-5962,FR79 9792 7474 70PE PRFQ BH2H A11,glippiettei,UDpMjYz1LBu
1524,187-10-2949,TN60 1595 7785 4019 5114 4256,cadshedej,HLjUeoh5
1525,102-57-1904,FR45 3026 9690 83KB 9GDN DWCB W45,mhalladek,m9rn1iuPm
1526,602-36-4306,LU92 7779 FTVT GNZR M01K,osatterfittel,5pQcXkZH8I
1527,293-45-8083,CR84 9701 7350 4818 4149 4,kreddishem,TSWNJS
1528,564-94-7253,MC39 9019 7181 124O 0WRN VJ2P F53,cmilsomen,QQwvKDit
1529,404-50-1190,BH14 SCGA 8AKB DCWG P9ZU HP,spumfretteo,g9W2GytcDUO
1530,382-56-3398,FR14 0286 1123 00YT 7FX6 5GPR C12,pavramovskyep,a5PThZEEc
1531,602-59-9433,PK72 TXZQ 7GIO M56E QJLJ CRWJ,dperoneq,tQMcbiz8pGW
1532,469-35-4817,LV44 JMTB WM8C PFRB 4ORE E,slageser,QeoyX5
1533,175-92-2720,TR72 2957 3LIC U6WH MY7Q P0ZA HT,bpersiches,dhbsOC
1534,743-15-7081,LI38 8993 4NEW ZI4L TUKI 0,hgauvainet,DlesYmwWr
1535,651-59-0405,MT93 OUAB 4817 1PRM TCR7 7KX4 IV3X OOV,ldeblingeu,oAp41x0eBJ
1536,242-86-4727,BE34 3420 0961 7825,galdrenev,xnb85JLDyl9
1537,344-46-1226,NL12 TREI 9359 1202 00,mmatterisew,WJJzEEY
1538,770-14-5924,LB21 8199 GFJU JTCB YIQZ TZAJ 0TKP,pstainsonex,3y6VXlaZ9WVK
1539,181-39-9091,FR88 8092 3491 59UG AZSE RYSJ 350,vdmitrievskiey,C6dNGmgsS
1540,462-08-7837,GT02 PPPM 971C WTZL ALA7 ZKNM OATK,lmcsporrinez,3xz79iQ
1541,105-79-5615,GE15 YE31 1949 8906 3098 44,rtretheweyf0,dhMunUfH9uR
1542,833-52-8541,FR19 5423 4512 45TK 1IUU 7GKE T18,acockcroftf1,WxI1rf1
1543,688-04-7003,FO52 9522 1543 6646 97,sjerromesf2,QLPrjVWdoZ
1544,730-52-5495,AD08 8269 2534 IQAU OPXA 5Y0V,msherrf3,Q8UNoJgcdU
1545,683-46-3113,SI27 8886 8157 7765 946,kolahyf4,27EPjbU9WDNy
1546,879-03-3631,BA95 1934 9786 2496 6238,yskillenf5,Y1dwjvArth2D
1547,145-54-9853,PK53 BPDX WVKT HY0D MWDR JF6I,tbilbeyf6,BgRhMjk
1548,747-98-9090,IL16 0676 2392 1639 4168 710,jkarusf7,yloMNSlzWn
1549,394-85-9797,EE87 9571 1421 5293 2973,mmarranf8,1AoxaqzY47XC
1550,513-67-7206,FR07 2465 0686 56BL MSEO WOPF F44,ehowerdf9,DXU6oaD
1551,816-09-9336,ES82 5259 7652 1549 2172 0119,hstannerfa,GGjYHtYu
1552,187-95-2670,DE20 7746 0396 2224 6627 55,pvelfb,9bJMgTRvwAoX
1553,717-59-1082,MR30 0485 8599 5799 9627 1650 154,telcomefc,jyIBiS
1554,146-14-4937,SK91 1917 7307 0170 6480 4405,gdaelmanfd,NN5d9U
1555,128-83-8020,DK06 8845 7679 9549 34,twilcockfe,KREtuIs
1556,760-80-5238,SA25 037C 1D9D KRNH Y9DM DA5Z,rjerischff,EYVxxWVqUZi8
1557,248-90-5914,BH93 POLI CBLQ OXES SKSE ES,cflecknoefg,pmReC6wyVImP
1558,641-79-0018,MU73 PQPL 2460 9071 2197 6794 876L GG,bbrilfh,fiHvTGo328L
1559,105-53-7119,CZ31 1475 8955 3973 9397 6169,lbottellfi,25ojv8Mch58p
1560,328-48-6407,NO91 1697 9340 510,avasyutinfj,WRViUO83
1561,594-49-3102,MD14 IIZZ T47D HFW3 2YOI Y6UB,fwinscombfk,VbKZNlT3kFn
1562,380-45-4966,CR55 1790 7060 1169 0958 6,mblaguefl,ol3Aht0
1563,569-15-7865,BA92 3295 3129 9072 6607,cdooheyfm,SH6RCRpM
1564,110-02-3577,LI23 9768 7NQT IS2O FCQS L,bdolanfn,04KCLnHzTi8
1565,426-73-9692,IL70 5950 8751 6310 6944 049,gtinnfo,2KFgBl1
1566,609-67-6961,SA82 33EL 75ZF YYAI EEVI FQZM,alebangfp,CZYZcZk
1567,368-89-9985,ES42 0978 8998 1714 3220 0594,fgrandfq,wGcuID7
1568,631-59-9703,LU27 618Q ZFJD FLMF R2O3,cgouinlockfr,qHmfGx6CgTM
1569,107-58-2275,FR69 8852 7978 91WF IPIX HELS J17,gstreatfs,5uPHlnEk
1570,313-67-1221,TN27 1269 4450 1206 3907 3243,rzellickft,EfBpno
1571,876-01-2851,IL26 2004 9258 8243 8469 775,cmcileenfu,X9gfU7E
1572,701-22-5296,FR55 5503 2991 84DC 6JJ1 MILL L53,mcollishawfv,MLAob6vp
1573,844-78-5753,SM31 Q974 2726 132C 6PVN R00S VPF,igopsillfw,SHuICrHwrKJ
1574,378-91-4987,FR85 3541 6960 53FC 47ZQ PT8G F17,ccoynefx,O1zdtpv
1575,715-73-5341,FR78 6014 7056 07I9 UHL7 IIMJ N79,ngresonfy,x06H2uHbuGf
1576,164-71-0413,IL24 2698 0578 8929 0785 178,cahrendfz,fw7ESj85yiQU
1577,622-41-5786,MR02 7740 1323 8398 2853 2398 961,lolorenshawg0,55Xn9LpXY
1578,866-41-2646,LU81 051U XGND 5SIZ P6YE,ymarioneaug1,uy0uUuvDTz
1579,494-60-4321,MT28 SPKD 5835 7ISX 2EVC W6QM 3PKP QMR,hsambeckg2,avN7xkktc2
1580,474-31-6230,GT27 T2IZ COBF F29Q IY8Z JE7Q XNFH,cshallcrossg3,GfqVc4uGY
1581,571-42-2505,LV05 HHSL FYOC NNQP HZGD M,kdormerg4,2Cn1XBVfR
1582,580-41-1361,PT39 5413 6768 4944 4557 4382 5,nbottlestoneg5,edeyjHoyVZ
1583,335-97-7879,SI28 7496 7264 3539 378,cfencottg6,ZrIuHO3afO
1584,420-55-6667,FR72 2843 1886 92A7 UDTP LLFO U93,esalterng7,jd13o9ye4
1585,597-86-5851,GR77 7791 8902 CSKI KOKD NHEJ Q1P,tberrg8,6prj7jEk3w
1586,234-39-1541,HR91 7421 5821 2631 5439 9,hzorng9,TNwmREhh6J
1587,271-03-6789,HU62 5283 5785 3395 9856 3444 6332,gsiudaga,SgH903
1588,346-89-6468,FR37 6301 1609 25TD IBLZ MD5Q 690,akryszkagb,SVTlc5bz9P9
1589,599-89-1131,SK26 7371 7777 8883 9595 7209,cpuddephattgc,Kzg49k
1590,278-81-7751,CH58 3207 6Q1B UQGC 1WVX O,ihallorangd,dxLMmDCeAmUe
1591,452-32-4197,FR66 0274 7408 48YC GPPP OTS5 B84,kmavenge,m6NN77I9
1592,151-03-4681,MR21 3530 9777 3326 1807 6022 235,gblodggf,ZEEieU
1593,423-16-3366,SE62 6847 9182 3828 2433 4790,tocallerangg,iYJ5e16bumnU
1594,158-48-3204,MK19 993H QXQQ K2JA C57,jmacguinessgh,cqmdeh8dGE
1595,883-67-2972,SI94 0034 4473 1351 752,ksurgeongi,0GZa6H
1596,648-55-1866,AT04 7056 2478 9512 5594,rroddagj,56rd0T7UpTf
1597,429-27-0876,MR25 4880 0105 2237 2603 5508 827,gpidgleygk,GLukoY
1598,353-95-7452,AD45 5654 5422 TH73 IULU RPFI,mbescobygl,W6OsXm
1599,584-57-9891,BR77 1824 3874 4113 9686 0055 028A E,draithbiegm,cMSJw3qWS
1600,879-04-8502,BA88 1712 4673 5460 2876,yprestigegn,HoeJucAwFL0N
1601,702-66-4843,BR72 8938 6964 5115 4317 6398 414R Q,apatsallgo,UOJ1Xm5uaug
1602,563-93-5434,PS07 TNWO OA7M QHRD XBRU QANV DBJX K,jhorsleygp,4hxXFfMoXl5
1603,729-29-5704,CY74 6262 9475 VVSF CNIN RYPJ IN5V,rverdygq,0gquw2f4E2iN
1604,521-22-8421,FR14 8335 2197 19ZP KA6W GYCV R95,hleighgr,lFbzQI9s8
1605,826-66-4315,FO82 8588 9502 2833 76,mmaplestonegs,CGLGWqGCQ
1606,575-03-2234,TR12 6748 5WWS 4ABN 11OX AGGH JS,sdenizetgt,AZADiWUt
1607,439-93-8177,FR16 8248 5424 23CT 8CCW VYF4 V89,iflindallgu,jBrgr5oy5
1608,626-90-1418,AE05 8785 5640 0808 6016 081,tbeatensgv,W971QzoXkd
1609,313-51-7015,BE60 7141 9115 8639,csarsonsgw,Oo3ker0tVG3
1610,874-87-3118,GT04 YT4N FLFM SMNP 7IST Q5PJ 1RHH,wgrollegx,jk4yfgzjCBC
1611,829-30-5278,MT48 TZKL 6965 4K00 FHR5 RRSN ELAV QQT,ncaudraygy,w0m03MvwM
1612,771-97-5182,RO65 FGET UZHX SRZX NLZG 7F1L,uhabensgz,NfZ96o0bv
1613,727-70-2136,FR94 1406 2728 58MG TVWX UBYO F77,gseldonh0,xISevwj57
1614,215-64-3279,FR78 4269 7106 47Z5 TFWA EVZL S09,lrubieh1,hVf1Ts
1615,514-58-1705,AE49 0463 0312 3073 2954 524,dsinyardh2,WcvECOzb
1616,494-34-4835,HU95 5052 9265 3920 4068 3452 5586,mhawkeridgeh3,RE7wryLjLHo
1617,188-24-4148,SI08 8977 7918 4027 478,dgirtinh4,o2M2v5LZx9I
1618,212-41-1124,VG34 EZNP 3396 6646 0154 3454,btotth5,eQ9zd7NsZ
1619,755-55-7407,IS65 9882 6828 1847 6891 4204 55,rwittmanh6,M1aAhaghY8
1620,277-73-6389,SE89 4655 5561 4629 8068 1962,mwardhoughh7,im4i4bV
1621,478-64-8302,FR60 4068 0961 67HD EJLI CIVN J92,esanpherh8,JviKThxA
1622,484-09-6218,AT24 5475 5939 4710 3040,eovensh9,VrCug1o
1623,409-99-4479,CZ84 9301 0362 9861 0105 0419,rmillwallha,vqcTvaeNCpK
1624,286-14-3378,MK20 772O Y6UG FFCV R53,lmackledenhb,U9dnEZ
1625,841-23-2698,FO33 2793 9883 7645 36,gtsarhc,wkilj6f
1626,759-05-8374,CR53 7218 3936 1266 5187 8,cvatinihd,oQM2MXlP
1627,400-02-2872,LU98 341K 50TA BWTO WCFA,sarnoldhe,sHHevdZFvUbd
1628,258-37-0444,KW02 QITK XDYK FVFN 5MZA QFA9 HTET 9J,wdunstallhf,JBMFR0wUV6LZ
1629,822-53-5218,FR29 9550 5294 31BB QTVF FFNX W55,mrailtonhg,RbfpjByY8pd
1630,743-87-6876,FR61 3638 1323 37XM RB2Z TCOL E48,havisshh,p78H2ZAq
1631,274-94-2518,TR08 9198 6F4O QH3Y M1JS KPED 4H,sinsleyhi,JUgj1Rg
1632,256-44-1103,TR07 1212 9EKF WGHC IZCB O8JN LV,ggapperhj,jDs1FchVE
1633,887-05-6378,FI50 7752 0654 7224 40,jwallenhk,W7JH7Bm4w0zz
1634,420-48-2515,ME20 7697 3225 0993 4981 76,tdumphrieshl,A7IjHwJv
1635,577-28-1818,LV35 NHQN 0AOS 65SK AOCC J,wspradbrowhm,kBLoJTXYZE
1636,738-35-3994,FR18 9392 0750 87KY RLZI MPLW F09,cmccarlehn,1NoVWE72z
1637,315-82-5786,FR47 0802 0430 02EB 276S BAVB P64,cwidgerho,X8COlvC
1638,598-43-9655,EE51 8821 7829 7300 9380,gwicklinhp,4E9uZ7TK
1639,170-71-2114,LB56 4637 PP84 NVAH WXOW STL8 JREX,mfehnershq,tBkhVvwNSOtO
1640,170-80-0070,GR68 9950 329I GLDX W62F YZUR ABW,adommetthr,gyIWZ9p
1641,186-13-6458,SE32 3647 7674 0855 5764 1860,gkildalehs,1OLcr6Cn
1642,179-62-9440,BA76 1937 0367 5750 1816,nfogelht,tpLZAZ
1643,447-30-0852,IS54 1517 3205 3094 0570 5380 43,relkinshu,Re33HgnwBra4
1644,682-49-9876,FR26 3480 1433 71BJ EZUG ZKGG K00,mdmtrovichv,sCE0bSTR4W
1645,763-41-2250,LT13 0751 8666 7211 1923,acriginhw,Z9Ye2nwg8
1646,682-87-8536,LI04 6799 7W1E LSS1 FGY6 H,fmcmoyerhx,tv3zmCLDZ
1647,426-25-9650,FR40 9210 7384 60VR YT9J JRU5 482,rplummerhy,9LTahe
1648,713-21-6007,EE32 6783 1228 5917 7492,jthibodeauxhz,vfxPzzZQWAH
1649,897-74-7899,FR88 9186 9759 90IP 1UFM 5II5 Y17,menterleini0,2KwCpR5
1650,420-83-0012,MT02 YQBM 5439 1QCU O4J1 9B6Q HIQS GYP,gwornhami1,NPWcI3B
1651,812-37-8950,NO76 0733 2828 132,twyeldi2,UzjuSkJPiUX
1652,513-40-1268,NO96 7020 2474 411,istollbergeri3,sY3PnG
1653,845-85-2909,NL72 XILL 0133 4328 47,lstiggeri4,HONZsn
1654,642-29-2850,GR63 5365 248B 9CYM 4EKY EJOQ XVE,lsheersi5,2GR4cpjpOLF
1655,898-18-5525,MK41 224X FVWG MWXB B43,bheatlyi6,dI1RwL9m3yC
1656,828-02-4277,GI62 SQDK AR8W FLBJ GGTX 2GW,eshaddicki7,Ynd65kl
1657,618-79-3676,BG92 CZGU 6417 11TO TRRR KJ,dhastwalli8,y3mzjLmRtWh
1658,145-77-6568,MR47 9098 3191 2958 9732 8773 096,acowlandi9,BtPNEPO0BEF
1659,774-17-5269,MT11 QUCJ 2564 9IR5 PMD1 80X0 MPTY KGT,kmangeonia,pnjoZZ8yAm
1660,132-19-0998,BA24 5871 5171 0495 8878,jdownsib,YeostQ
1661,846-76-6896,FR42 0580 9240 53SA QKFP BHGN 282,fmeritonic,LqBsF0
1662,141-15-9593,FR09 9917 5002 46WK SOJR 33DC B48,wfanstoneid,BD8dUe
1663,800-85-4732,GI44 SPKB YZ7W V2GD UYBZ MGG,pbaudryie,jYXHzzGb
1664,484-97-4264,FR98 8908 1332 181Z 7LJD EKRH W27,egullefordif,R0kdGKOw4
1665,856-62-3840,KZ25 298W EFDQ QSGA 4ZFI,sohartnedyig,XOXqnqb
1666,878-23-4234,MU46 ZHON 7086 2498 4808 9207 846F YC,hpettendrichih,JXAHwnU5Akc
1667,370-14-6890,MU63 IKPC 4018 2524 9469 7114 649F EM,tedserii,gc1OgIfHx
1668,429-46-3929,CZ35 2922 3623 2479 1692 5130,caishfordij,RSF6phYi
1669,280-53-3602,SE33 4607 9445 9473 6191 7896,fbyersik,n7thEIN
1670,650-95-9773,PT74 7671 5998 0843 9957 5014 5,eshawcroftil,fcYrC1Ouoa8h
1671,838-51-3625,FR64 5945 6498 02SJ UQFY HBBY X07,awheeldonim,wfWzcTA
1672,276-92-6717,FR23 4904 2303 70G6 XKR9 ZBRD A33,lkobpacin,ONBnRT1D
1673,734-98-6222,FR68 7603 6363 30JA P5TH JOZG I20,vcovetio,51ok8pD2nI
1674,829-93-3135,TN05 3545 4565 7291 6110 1628,gisardip,qwSHY4E83o
1675,525-42-9359,CZ67 5797 4092 3216 3504 9798,adustiq,sBoHLbbX
1676,369-99-7948,IT10 E879 2348 095N FCM1 MZHC TRW,tmacconaghyir,TwuqQaA0dpbm
1677,169-87-2600,GT38 08CR IPKP L1RR 9QV9 PM1D NFRI,dbootsis,Eqsn4ahO
1678,192-83-0133,MT38 HMSP 9689 0ZAB NXWL N1KR BITR KBX,ddaenenit,t4JWYcv
1679,856-57-6553,FR45 7274 7251 82HH HVKN UAOV G94,lsleetiu,xNz7t111v1w
1680,468-24-1432,KZ89 3673 LKPQ QZL3 0AX9,lstonestreetiv,Kw3W8SXSqoh
1681,407-07-8797,FR39 6547 5170 86FI ZXND 6KSE 732,lthormwelliw,b4TnQV
1682,690-08-7267,PT39 4632 4145 7189 5104 8021 4,aklicheix,G1oeLfEic
1683,808-68-4331,CZ12 3167 2559 8152 4865 7310,mbryeriy,zOiEDcpEZ
1684,233-25-6239,FR80 0355 3504 52HI OONG 2NBF G65,koxnamiz,fVViTRS310l7
1685,743-22-9645,LI33 3180 9LVV S2LK 9TUA W,thopkinsj0,eM2Lb8n
1686,317-67-5354,FR03 7513 9763 23MS 8SBW QM7M K04,rdilworthj1,pFdW6RVCf
1687,641-57-9763,LU39 334L ICED UZHX 9C4J,rduffittj2,1MGob65f5
1688,368-03-5499,BG07 GMDP 1625 69ZC OD2M KQ,dboothebiej3,Js12XQ8MRX4E
1689,231-44-3080,FR59 6521 4031 58QI UBLO TLHQ 836,cwhittonj4,Zrw9skmBEW
1690,350-26-2838,LB87 9367 RG75 LO9C GFZV 3P3G 8SUH,tworkj5,6C5AGV
1691,268-80-5638,PS68 GYNJ SG9D RQFP CEA9 89XL DOAE D,rfortnumj6,Q78hJUk8tY
1692,835-34-5436,LI76 8937 7F2U OJTC XM45 C,jkeblej7,xeliGpsSWM9
1693,257-10-4269,SA22 25LW XXYH RGNB AHNR YWTB,mfairclothj8,OL6iicTl
1694,191-91-9799,GT77 ZFT1 RMPT ENSN QOGD 8DWA 1F9X,nrobothamj9,RhiP6Mzrc2
1695,293-24-3354,FR09 0279 5914 23WH POGQ 2ARL C64,akeelerja,WviOAiVY
1696,865-22-0845,FI17 1784 1767 3101 98,ksalatinojb,99tx1t
1697,204-85-9055,BH44 FOYI 5OHP HZOA KZT1 MT,dswashjc,RG1Ho09uwMHX
1698,881-73-2255,AZ95 THYL ORRM ENCL LGKK PKYE CR9Q,pchestnutjd,8w4JRe
1699,812-57-6013,MD39 6YBA GKJK F4PF PMRY SK8Y,gfitchetje,RlPJt22M
1700,184-78-1089,MR31 0168 6669 6243 0745 7119 202,jarkowjf,iga8Sk
1701,731-43-0398,KZ44 169A UZXS 0GNY YMQQ,kshewryjg,4KdTvPbQW
1702,477-77-1827,FR89 7721 7095 78FR TLVP HIJJ F78,twinchcumjh,nZXVFKQ0
1703,778-29-0731,GE97 SZ29 9084 6079 5162 19,mbabinskiji,HxXMyW
1704,506-56-4387,MC29 9185 8297 65VV BNLH QC6D X17,plaxenjj,vPy3Fei5i
1705,296-60-1178,LU05 159J MU4F 8OOL YZLR,jpeschmannjk,YXAwSmWfD
1706,181-60-6209,IL71 9807 8642 2922 1624 629,sesselinjl,Sd941zBtk
1707,830-34-7297,FR97 8662 8787 518N WQG5 FJC0 505,lmccowenjm,2U1AEvDAX
1708,132-33-2151,RO71 FTRC 7YIF HAYQ VQ94 2RXI,dpeppinjn,uE0BZA2Q0vv
1709,770-67-7064,FR32 2876 5907 610E E9JZ AUCA N56,gaguirrezabalajo,HooyrUD
1710,154-82-4524,SI13 8481 6649 4716 266,jtwedejp,mR5G8pHCyha
1711,865-74-6459,DE46 2152 3706 0483 7045 85,noakenfulljq,z2dh7XUDW4Fx
1712,113-23-8890,VG51 DWPC 0723 5829 7114 0945,brouselljr,a8d5J5UU1H
1713,655-90-4616,MC21 1847 6378 74UO VN8L YWJN W06,gbinehamjs,5raSCS6i
1714,273-17-4680,FR24 9127 9159 61GF 9TX8 SJ6T E92,tdadejt,TO6X8yOX
1715,209-06-0773,CR22 2138 9776 5727 1416 8,jdanielovitchju,6fqKrweq9ji
1716,332-12-0740,SA47 22ZO KHPC I0VA DRRI 5XIO,cpealingjv,0LBHHkMma
1717,559-75-1809,GE44 YW65 6292 2173 1556 90,sseargeantjw,w31igApsBRV9
1718,660-31-9176,AL50 0497 2698 CNTV I8PW WCWQ 0PWW,jwoolfjx,MF8rCrdXfX7Q
1719,470-44-3563,PL09 4171 9680 4295 7921 6550 0462,shackworthyjy,PADb7BAns
1720,589-70-0750,LB31 6640 VR2W FQKY Y0L8 ZLAL PRXC,ctoffaninijz,NKpqI7kWO
1721,865-38-5448,FR50 2709 9154 93EW MGLD VDVP S91,tdenisckek0,opXquymEeQ
1722,873-30-6165,BH72 CNCY MULK EIWP BD7G HM,mocallaghank1,TGbOkGmB6w
1723,329-42-7413,PS04 RNOC 9GCK NYXP LFWA 3MIH EG8B G,chickenbottomk2,ctXRoNkTs
1724,137-83-8025,FR85 5002 9366 52AI TUQJ AFI9 G47,dscammondenk3,0zTengObE
1725,419-59-2996,GE80 NL35 3653 4215 5836 10,jventamk4,vC2MGsW
1726,119-66-6808,LV45 KTYH PVVG FGXU EOCY C,ljeaycockk5,aXzy4Z1Z5PCm
1727,236-26-5052,BE68 6669 5152 7025,pemmanuelik6,Igy6L80aMD
1728,589-42-1405,FR20 7188 4522 66FX UOFH 0QAA O56,jakettk7,eUKqzDg93O
1729,708-37-7021,FR90 9115 3870 13SM VTAP ZU4N M26,lcoviellok8,9gGaqwFQR
1730,262-43-4869,LT86 3233 5068 4239 7485,eduffitk9,b3QqoHvMV
1731,239-76-4731,GB73 GFCA 9131 8047 0741 47,ahabbinka,BlHam9
1732,750-26-8413,PK85 UAVP ZAIC KCPT 4A1I J1NF,jambrosolikb,SRBrd6uS
1733,332-47-7688,GE50 ZD84 5450 4402 0054 98,dfolomkinkc,dDksc7iYn6BE
1734,217-25-6605,ES28 1859 6354 9762 5574 5877,nfawcuskd,9hCuQd
1735,407-03-5244,GB20 FECF 6338 4535 8102 06,bcambridgeke,BofgcU
1736,206-50-1808,VG39 SZLU 6494 2180 5866 5060,gwormskf,vgpidW69rzuW
1737,104-06-0973,PK19 OCOT DK1N IGTP WFJN A4D2,gstockportkg,EJFxI5WKiXf
1738,168-41-0327,FR32 4375 3142 82F6 PPQO VGWA K74,lbrannokh,dcYvUAWcKS
1739,747-95-2775,KW49 XWEA MMZU ETPN YVVI JT0G W6ZQ EE,dbassilashviliki,P3ATzZD2Ry
1740,310-17-2893,FR84 5182 2508 75WH TVQB 5TYS G91,rcoultonkj,Uj2Ayk2UPN
1741,307-55-4834,RS65 2212 0636 6703 9739 54,cchardkk,RI1Bv2
1742,266-47-0649,LI89 3884 25M6 9QGW SJNQ 4,pwysekl,7l9e9hg
1743,774-69-8111,CZ30 7034 2301 5854 2187 6474,galabasterkm,ZIjIZ3NzGF
1744,446-06-9871,FR83 3625 3794 78A5 K3JK XUJX X62,lclowtonkn,49p6EZ
1745,265-80-7853,NL21 NXFR 0544 9941 20,mroglieriko,jHyPglwZup
1746,590-23-9908,SI29 2488 0846 5856 271,tbarendskp,al0qJR
1747,481-87-6485,VG69 XZGP 7663 9007 6531 2999,ceckerykq,80EjBK8Jd
1748,128-82-4089,PL56 6278 0400 3188 1129 5209 6462,detheringtonkr,2baFCRqAc1
1749,659-73-8603,AE87 8613 9006 9384 4839 057,rbrosettiks,jADQOz
1750,381-22-6842,CH78 8928 2YW4 YVHQ ELWF Q,weastwellkt,NoNPJWSQUm
1751,396-70-2013,SA02 78ON GOVG RHN5 INGZ EXUG,aturgooseku,2AmfKY5ZoMS
1752,870-86-6860,BA73 6492 6729 7704 7318,mdillingerkv,f1nD93qAs
1753,533-96-0686,FR64 3386 6188 74NR NKPY 5TQA W78,mwarlowekw,TZmU2Hi6UU
1754,137-78-0311,FR70 0790 1664 50XS TDX3 D8QU P82,jheadykx,p3x7CXu
1755,331-29-6961,CR05 2596 8972 9733 3145 7,wmckeemanky,X5XH5UklpM
1756,731-21-3576,MU24 FQRD 3481 8631 9002 1444 979W FI,adeadmankz,S45zVfexmh9L
1757,899-35-5263,ME24 8327 0622 8858 2048 21,dbaldassil0,eFqRsGq4T
1758,578-29-7980,CH11 1640 8IAH MSLK GLKM O,eguicel1,Pre8PZJ26
1759,849-43-1798,KW78 QGNN WWUD ASZJ MWHS 0ZP5 MW7X SI,ffloodgatel2,svbXvvOIEv
1760,102-10-4516,FR83 5333 4780 75GI MLEK ODZM R00,tbeddoesl3,kbje7j
1761,804-66-1742,SM95 D905 3629 187D 2YJI GWYY R4X,lchristoffel4,bOkVs72J
1762,392-36-2965,ES25 4918 2043 2415 5906 1202,gwhitwoodl5,VGB4lh9mo4Ui
1763,285-93-6696,IS21 7365 6345 4581 6673 3451 90,hscullinl6,CdY6a6E0gLcI
1764,236-60-0983,AD35 2368 1323 MEPD 57AO 1R13,rrulfl7,u0uc50IbcO
1765,559-90-5951,FR84 3541 5805 9660 SD8K XF57 D54,bgillespeyl8,BFwKdhKD4pMT
1766,749-19-3948,IT41 C883 4354 734X GR7I Z6XZ W9O,smcelreal9,5nByS3WAV03w
1767,732-64-4116,SK28 1987 0854 1657 6392 4956,ldepperla,yqurfMJuyl
1768,661-55-3140,LB04 8122 HZBO QGHJ K5ZG VYJN 4ZMA,lgibblb,o6bbWe
1769,130-73-3405,DK91 0615 3306 5540 21,thuckelc,WneATB
1770,155-41-8839,CZ74 7077 6066 3475 1677 2646,sbillanyld,gumPI2Le
1771,237-17-4334,AD47 3274 6780 RWNJ 7F2O WOKY,fmcilwreathle,Qs3G1blBk62I
1772,272-30-7621,TN36 9328 5428 7488 1077 7305,tlandsberglf,dEW9Kz
1773,755-56-5395,EE49 5838 0147 8465 4799,pmarshallecklg,mf6rcVANZxRL
1774,415-64-8903,BR83 1828 8803 8941 1001 6015 414J 4,sdightonlh,3wiFX1VkJ
1775,388-94-1844,CZ29 1823 1257 9941 7699 6842,mogelbeli,dbhZBZ
1776,322-46-4461,RO78 MSJE 31QO 5AOL 9OAJ 8HGO,stocquelj,ClmJuvIJDIm
1777,535-06-3223,HR16 2328 7550 3613 8071 7,rkeattchlk,9M8XX0zJ
1778,864-41-5601,MC62 6391 2717 85ZY MU3E 6V59 925,mcurriell,3cNxZCXy
1779,626-32-1315,FR50 6316 8429 29A8 RU9W I5QP 289,kgaskenlm,t0cW6UFk9Fkb
1780,463-61-7410,IT91 W908 3093 630T BAOH 7PNN QOD,clapishln,46GiObK6
1781,330-23-0525,GL34 5482 5463 2058 90,trosalo,9RS5SFbZZ
1782,534-17-3832,AD59 5035 1216 5LUS BF66 PXCS,rgiabuzzilp,0R3KI2Y0RQp
1783,769-73-2181,FR54 5049 4327 03L8 Z8FG 7AOO B08,dargabritelq,Ggdq1pw
1784,586-07-4086,BE02 7325 0304 9282,jwinnettlr,MaEa75tmYg
1785,280-61-6778,PT77 0417 6726 1912 9142 5287 3,mlittlerls,5ZdM3w
1786,141-64-9042,AZ38 VXBG Q0XL A5UY EIOJ SGRB HMV2,dashlinlt,RQe7xJX3
1787,450-36-8975,SM75 A431 6019 142G 62KF URQL IXI,xalfonsettilu,k3Qrzxkcz16
1788,265-56-0060,HR88 2337 7380 4162 1625 6,slevenelv,JDTllqc
1789,323-76-1678,RS07 1313 9414 8936 6248 67,ctebbettlw,eVHoe028
1790,638-71-2877,ES80 8549 9690 1756 8135 5633,sgoringlx,W1we2IZRZ
1791,414-73-3772,ES56 6712 6728 0367 5798 2931,anutonly,GiBvUaXNbpO5
1792,106-05-8959,AL95 6116 9394 J91K FR6N S1BS TX0W,acamplejohnlz,fXwM3POE
1793,493-81-3838,ME88 7576 9277 7968 7445 37,oprinnettm0,Wq1bJ7
1794,418-46-1694,IL69 3049 6428 7008 1308 336,bvostm1,n9KdAz
1795,179-61-2888,MK82 587W HGGT BVJ6 G95,dmcgrawm2,6Vy6Kq7mVh
1796,372-85-5461,LV34 KNNI ZVD3 YQLG CLIC 7,lmcgarvam3,ZswPEOiqh
1797,783-70-8975,GE30 BW07 4386 4923 3725 58,prudgleym4,6H2mmEX
1798,850-49-3025,GI12 REIG BELO SRWW DTXJ XWH,bgreerm5,MWY4loH
1799,664-15-3063,PS62 BXLL UNWD QSHB IRB5 XJRT NCVA E,tsutterm6,N6GfZ51LWvF
1800,132-30-8073,LB34 8156 RUWN 4ETS GCBM I7NZ B2YU,mwoolstenholmesm7,VxwmXDp
1801,254-99-4184,MC28 9794 0516 98RG UHFM FWRQ T45,llegatem8,XmfPxat
1802,799-70-9119,FR75 6067 9556 62F8 EG6W QJO1 780,vphillerm9,X9nbA2
1803,643-74-6962,ES85 8278 0539 2976 0817 6654,abonehamma,K9pWT1
1804,252-03-7946,HR75 4283 3603 4934 2489 8,kmalbymb,9mHBnkECjHA
1805,653-22-9400,PT43 8581 5074 5572 4444 1490 6,cheinermc,9DbEF0FTd
1806,428-36-3256,CR80 9385 1272 4412 0858 6,jcaffertymd,5oH6VB7b
1807,579-41-8327,CY23 6275 7490 UK5V FT0W 5RRG 7WG9,zbaksterme,bgmeymhzC
1808,336-99-4829,TN40 6257 5652 2732 7896 5124,ableesmf,4HfI3iXwWA
1809,337-81-5131,SE79 0393 2072 3520 4066 4374,xreymersmg,WOkpkYbN
1810,667-08-2368,DO55 OOSD 4755 8986 1586 7522 3505,sriepmh,Ldvz9FWg
1811,589-39-9375,GE51 AZ55 2288 9575 7676 20,vromainemi,12UUj0
1812,291-53-9011,CH86 5977 4SLD OLU6 H0QA G,ymewismj,ARvL1ynFaPzw
1813,337-19-9609,FR80 0546 9466 61NK 6MG0 JQ4M U24,atimmonsmk,JEGYvfdVz
1814,222-48-3868,AL58 4684 9772 EWNY 07PB GLOY T95P,jplascottml,8HZ8F55
1815,534-37-7662,SK55 6144 0957 6563 5452 6440,mbangsmm,TRCWq3gt
1816,280-47-8672,FR48 7483 7360 05X7 4OXG AUAA V62,wsollommn,WlDQLVnh9Gk
1817,633-08-1835,FR54 1220 7807 32R1 TH4O YZDP 649,mdowsettmo,9uLeot1
1818,716-40-3464,AL16 0704 9883 GKXI 9U52 AKYO ZYYU,ubartolomeazzimp,wEm5NCebo7E
1819,357-04-8894,GR02 1015 106D NXP0 XCXJ DH09 ZBQ,sweemsmq,SC2Vgllu
1820,605-39-1816,FR51 6125 7285 482H XYOD O6PK J17,mvenessmr,rUnGmdevMxb
1821,160-71-3326,LV49 HGBG CBV0 UQCA MF7K 2,scoxenms,x8tzMGCDHUD
1822,834-42-0098,AT39 0192 7437 2663 8805,cstorksmt,nFvRHurPZW
1823,734-54-3069,AL77 1806 9418 BRUK 04F8 VSV0 8CGU,rkennfordmu,YFAc4F
1824,667-79-4292,GB37 OKQB 8116 3682 2633 27,bgrzelczykmv,ZOauPk9tY5L
1825,223-75-6560,PK82 KKPA FUYN MSPO M259 DQS7,zstiellmw,6j9KjORvZRY
1826,139-68-7885,LB63 5829 A2ZR PZJX GLZ0 ZU9A QFZL,pbyremx,93r3ze
1827,854-45-8288,IT77 J547 2512 846I DMTT QM5C XGN,sgarnhammy,yy4YQWZ2yuaH
1828,208-55-9476,KW72 RBCY 0918 DGG2 UBQR M6QX 2H59 II,yespinazomz,KXN4JlOLQ4zP
1829,718-70-1656,GT46 XVOW YRVX QWF1 WTAE E7IZ NS4D,tletchern0,F23bF3
1830,247-68-3084,KW73 WONP UVNL TGSQ 0RK1 MP5W PLXG LC,ibellien1,IVfXUPFA5n
1831,577-39-9150,KW23 ULAW TDO3 PXJA SEZ4 G5BC DMWF AJ,odudekn2,8I0MC32Zq0wk
1832,197-37-9204,FR38 1725 9588 69IK SAJZ VUVY G69,bmarinn3,YoM9vwIxfa
1833,246-10-9002,FO72 0081 4821 9389 18,fmuatn4,mPLAjK53Yx6U
1834,814-98-7664,IE83 AYJK 0751 8106 9788 71,jnuschken5,j7QDyCb8gio
1835,473-72-4562,PS94 YBLB QZFV 43LB PC9V XHGN MA2O 8,fchuckn6,EFqz5V6
1836,596-05-9106,BG45 OORL 2857 11LD BDER RZ,medelheidn7,ZKKyVNUe5x
1837,575-08-6085,FR10 3413 7650 24DB QNHO JOIK Q89,rbrandlen8,JmApjN
1838,388-33-1184,FR81 9671 9358 09VC BCIL YTUS 191,jurlinn9,QBk7cMCuex
1839,127-47-3648,FR87 4812 6847 41RV 4NRL R5NE C76,mficena,4E17FVjK
1840,376-23-3066,FR20 7841 2363 01TC OBJT 5N0Q Q77,ewoodcroftnb,YHfUW2r9
1841,303-63-3760,IS40 6106 4396 5043 1119 6955 67,ctayntonnc,GvHoOCLb9vw
1842,129-93-9549,SA45 69LB 3YK2 ISJE 4KNQ TZ42,nbasnettnd,VkVzMIZBOppe
1843,550-86-5118,DE85 3373 0287 9471 9150 68,espilemanne,BTHV6UACO
1844,599-13-4112,GI43 SWMS XUFA ZBG6 OUZN Y5P,tnotonf,02exHP5
1845,391-72-3612,FR15 9651 7262 95VO XVHL 7IUY Y13,svowelsng,j5tTVRVa
1846,655-58-8952,PS71 QBXZ V0GD B6LS 4JFT NCSX DLSB 9,kwarsapnh,nMzGNECvP1GK
1847,276-96-4590,SA59 31C8 QVFK 6UMS LTKY N4SL,dsparwayni,CCpTQJ5Ui8c
1848,340-17-8192,GL78 3434 5296 3623 39,jmoycenj,fgkiTExQeWW
1849,258-74-1148,FR64 6651 4664 42PD FSTE XUPF I41,gdedantesienk,KJGgaIAR6s
1850,657-68-7073,FR32 8450 4371 58WH G0A4 5LWP G21,jcurtoisnl,tgLiGLjcZuQ
1851,403-65-9258,PS11 PBGZ 944S BM17 FSY2 3QTC GLET T,tnisetnm,buAejq4Gs
1852,464-61-4007,FI89 9000 5198 6051 19,bcarrolnn,tI9QT0vrm
1853,206-95-7366,FR28 5949 2491 20YR 785V MRVP U05,jbuzzano,jekQzC2t
1854,181-32-4034,IE75 ZTTO 9636 3927 3699 64,geverettnp,o0Sl70
1855,542-33-7825,DO82 IRUV 4128 4894 5453 9576 2714,dguiotnq,paxsOKjqMa
1856,234-58-9807,AL66 0098 6850 5UXH PVFM M2Z0 BLVH,bmosedillnr,RpUWXZUB
1857,769-49-4693,VG52 BMNI 0241 4662 6649 5597,btomans,XOyJ6oN7i
1858,470-29-9191,LT03 6830 0038 9571 2040,cstickinsnt,qz12UF
1859,391-42-9417,SI87 2288 1230 8619 188,dbaudouinnu,JuXnvE6iZZM
1860,874-74-0459,FR89 4582 8258 13TM V4CA DLLN P66,elaintonnv,KB9nlccaH
1861,507-28-5418,FR56 0077 8280 96EK 7AHS OIYC F80,abosomworthnw,EhXwisfh
1862,648-77-9544,SM10 X468 6820 7824 KXL6 IS4W WVV,ksimionenx,AQFIoYDF
1863,829-30-8351,DO36 BB2T 2761 9182 7288 6685 5512,sstookny,e1ASYIvckuT
1864,407-26-3715,FR69 9232 7563 803J L8HV E3ZI T84,psparkwellnz,kwBT4TLxHd
1865,370-33-6281,PT04 6973 5994 7225 3254 7830 8,igrowcotto0,yVjwfyUd
1866,786-74-7672,ES04 3937 7527 0508 2472 2093,jgoberto1,BUNSKqgV6oj
1867,508-11-3318,SE45 7093 1070 9886 1446 5876,sadamo2,FoCpGzwA
1868,380-16-3917,CZ62 1084 2335 4253 7197 8385,grouffo3,Y6DSbnM9NvB
1869,102-61-0579,SI07 7101 5768 2547 784,kbernoto4,tq5J0uRK
1870,499-99-5042,HU97 5011 1695 2756 7033 6595 4567,munderdowno5,gN13EHL
1871,766-69-6054,CZ06 3347 3818 9652 3799 3762,wmorpetho6,F25MTTlE0
1872,116-10-5767,BG74 VEDW 2802 02SL RWWE 05,aescolmeo7,5QJjyCcfT
1873,172-95-2764,BA70 4881 1183 8403 1140,nchato8,gCz3HXYOoH
1874,251-48-4150,SE74 7839 1891 4263 8320 4353,pwestgateo9,wifAWhx
1875,217-52-7654,FI65 4255 7677 9867 54,eeggersoa,tKawL2LO3
1876,431-73-6110,VG69 AVDX 2478 5517 8278 3920,mconnichieob,8bqdHhWcOx
1877,810-59-4710,KW93 AADC X71B E11J MZNS 3EQJ DG3B PN,umacsporranoc,E8Xy2gGPNRi
1878,207-67-0628,FR68 6833 9781 70W8 M8UR UBEJ W07,brutherfoordod,3svtTyp
1879,308-08-8734,LI78 5220 3WQH RDIW PGPG B,kwastlingoe,wFr0fxv1uNs
1880,497-96-0642,RO80 IACO DNFG PH0M OBRV IEDC,gtaggartof,rVmHomkkA
1881,333-11-2582,FI39 2100 2037 3772 38,rroussellog,swIZUe5bX
1882,221-60-2421,AE50 3640 4063 3771 4230 531,ghourihanoh,kvnP61o1JiJ
1883,584-87-2926,PK17 APRO T0K9 G8UF VTMF VE49,amattusovoi,rrqUO36TBT
1884,174-12-6122,HR15 8399 4258 1131 2534 5,hyoulesoj,RcNCXuQEC
1885,415-71-1271,FR61 6054 8527 74AW FNED JOZO 052,sdysterok,ETGjJU4L9q
1886,404-66-1283,FR57 9197 1349 458Z KGXP SBXS I14,ccooleol,WV4SQM
1887,193-30-7129,PK80 IJDD GL1Y PPFV 0KHR FSGP,ppickervanceom,zSVdx40
1888,316-88-9745,FR74 8164 6085 62YQ BTNJ WKRQ L93,aeathertonon,KyPj64c
1889,429-15-8695,FI88 6883 6350 8812 72,arossiteroo,zZeAO1bsyNB
1890,165-38-7781,BH91 RJCP OJ1B 4VCP BRQQ LA,rrandalsop,uCp1rC9aT
1891,100-17-8430,FR16 7913 8027 81YU CZEG IY3K A99,bornelesoq,FwHtGd
1892,161-55-7159,MT95 DRZC 7911 64VE M26Z ITLA KXWB JOF,bbarbaraor,aMiETkhLh
1893,102-13-7930,AD72 3564 2093 SH2P 9AKF QHMJ,cgertos,DNrUapaHs
1894,764-77-4058,MD28 HKZU 7M76 NTWX 1WTB N4B6,mbendleyot,27JCJl1j
1895,704-78-2389,FR89 0024 9775 194U WGPV QKBS 510,lmorenoou,9kyhSMmw
1896,204-94-6762,GL88 6319 8085 6071 14,knunnerleyov,m69T3O
1897,884-76-7593,SI55 9620 7401 8626 365,ppoliniow,HYwG8IyrQfSy
1898,697-41-6501,LT04 5667 1505 6322 9483,hvandenhoffox,vRBU4fYHwI
1899,827-64-3138,BE79 7243 8294 3350,tadamidesoy,K1bDxMQpO
1900,441-19-0923,MK64 234P YSNC FWJR O61,mkerbyoz,o8JJpQMhQ
1901,162-51-4215,FR52 8729 4968 31JV REHO 8K5R 052,cgristhwaitep0,kOV0NduX
1902,604-49-9431,SK46 3310 4320 7138 5671 8585,nvinsenp1,coMwt5Tq9
1903,147-09-8395,GB03 HLUA 4290 6026 7760 61,wdoodp2,dKG01k
1904,239-88-7768,FR04 8238 4396 436P E86M EE23 Z26,dkimmerlingp3,G6y0Mxm5
1905,794-92-4864,HU37 5478 6677 0718 9163 0138 9152,obottp4,MwWC4fgDOCW
1906,661-23-8155,FR83 2614 2946 32AI P8MR IVXU 523,zcherryp5,X5ap6GuUt
1907,893-65-1450,BR65 6490 3742 5115 0885 8267 282W F,csaycep6,edr5zh4sfE
1908,752-17-3756,SM69 E620 7947 887B EH8I 2CVI YPY,jfoylep7,jWwsZk5iph61
1909,534-90-7057,IS22 7146 0781 2191 7109 1573 82,kharlerp8,HkFWX5
1910,356-28-9099,IE07 KDPC 2429 8486 4743 70,gpatelp9,XE5tRATSbLE
1911,271-21-3521,FR37 5043 6164 02W8 BY2N VF9N O71,fviggarspa,y4wwABQ
1912,716-46-2527,LB73 0186 EP9Q C8LE LGUS YLIE QYHK,gsapppb,HpeMI1Qb
1913,685-31-1697,TN89 3078 3028 2245 1447 9824,kbridsonpc,wDaRHytLghCo
1914,679-47-0300,IT22 Y918 4258 366Z QZVC 142X RPA,rmahedypd,DwAAT6zddId
1915,869-54-2803,PT28 7559 6999 3584 5089 8958 1,ahogginspe,0ff8dWC6
1916,485-78-6105,BA36 3621 9555 0252 9096,ktyepf,qidXP4
1917,269-51-4896,GB81 JATL 6162 7793 5972 17,strekerpg,nL4MBd
1918,588-59-6884,ES18 9799 8770 4487 3394 9913,glanahanph,Dzm4RXp
1919,892-68-9839,FR79 7564 5907 17FO BWDS U5KU R53,ktriggelpi,pJFfO419VG90
1920,784-46-0313,RS15 5351 1879 5858 2545 49,emartinsonpj,2R9qKH1
1921,390-13-7365,FI43 5607 2160 1398 25,cguerolapk,bdfcNdthznsH
1922,605-38-1143,SI02 0181 9487 2765 333,ociccipl,i4kiJ8
1923,445-92-1849,SK72 5480 5963 0287 1290 4868,gashforthpm,mXDuHAL3piLc
1924,418-19-2359,SK93 0319 7607 4282 3208 8212,bguilbertpn,5JbaGzrN716n
1925,420-80-1026,FO94 9855 1836 5907 28,htwelvespo,ka6D6eKZh9X
1926,726-91-3675,BA23 4791 6519 9485 0741,bagdahlpp,TcYAdgqp2
1927,519-83-0888,SK52 9719 0396 8756 3305 8440,tmoughtinpq,UitiKGdoI
1928,764-48-2823,ES35 0676 1003 6472 7627 4027,mmacdunlevypr,m83bnSKYXie
1929,832-19-8674,ES58 0474 0932 1833 0332 9760,ebowieps,aqSLcY
1930,636-74-0697,MR83 0008 5987 8578 1609 6070 290,ckubackipt,m8DJtnpD
1931,823-73-3095,GB20 EPNW 8629 6486 6720 75,rmyallpu,5ohTk1
1932,526-14-1375,DO47 TR6K 0445 2587 8696 9385 9764,mheepspv,dnlgwNDkT9d
1933,645-53-1471,FR23 2605 8116 01N0 DYGK S11I S27,fjessoppw,cyGkBrvSi8K2
1934,189-82-3018,LU88 5188 8GSB 7AMR 2P3C,dlekeuxpx,Lcnh9IN5S6
1935,408-76-8595,GI90 JEVZ ME7H SVED FCOO JHU,lcuerdapy,zmujVNDIF
1936,466-88-4819,SK75 2819 1239 1839 1657 2471,osuartpz,DndP5v77
1937,660-08-0262,BH81 VOTT UJYN JLIV GVLU KS,sstredderq0,2oV5LKlu
1938,512-81-8510,NL78 DOQQ 2096 1840 31,ibehaggq1,TgybPxGBiPD
1939,281-02-1402,FR03 8582 7217 88YM COIU 7GFP 580,hgoudmanq2,9yqD5AwQ
1940,892-10-8533,SM93 D669 9561 034Q 2WIA EVIM ORC,gwhitehairq3,FMzDn5GmV9
1941,245-45-4361,AT63 3826 6581 0145 0054,dandrzejewskiq4,ybnTjRAj
1942,577-91-9847,IT93 T976 4551 953R PKXT EE4H D58,oeareyq5,xvlVbUllGA7
1943,540-43-1948,MK95 9946 W1L0 IBEG H60,bloudeq6,3Irtg9
1944,342-91-7650,NO34 6263 2796 123,kgoaksq7,et24quPQL
1945,748-59-3949,LT74 3804 4985 1185 0556,cvanarsdalenq8,nS0c0DEnxBz
1946,587-32-3445,TN64 6342 1028 7262 2866 0821,hblodgettsq9,yxmqzo1wrWUL
1947,568-68-3170,BR35 7099 4586 7614 5142 1966 130Z 9,pgildersqa,GUEhBaTNPsI
1948,701-96-9764,IE08 CHQC 7494 6973 9215 46,jtunnoqb,p84f1S83Q998
1949,423-83-1002,BA21 5955 2747 0080 0044,tmynottqc,Z9lf3Oh24uhZ
1950,803-86-5261,NL57 PCAL 1292 7620 88,lseaqd,F2pV4D0lU7
1951,808-76-6650,ES04 7436 0298 4259 2012 2599,aphiloqe,zYLQFDBvf
1952,741-39-1952,FR69 4581 7961 87FN RQJO WAYQ A48,sswiersqf,O5r4Y8L
1953,786-94-8098,FR59 4877 8018 55DC LFAU TRVM P69,paustinqg,FlYg1BrNT
1954,220-64-5802,CR94 3625 0963 4363 6376 9,jdhillonqh,TGZsE7C
1955,294-34-6483,FR39 9236 5898 50TQ NZCJ EITZ 479,llearieqi,nXbDTgOOYD
1956,433-12-1733,LT12 1875 1476 6004 8404,nhuniwallqj,SUysnzD
1957,828-98-9895,PL55 1661 7392 0884 8980 2827 9893,hwindleyqk,SDxFc9kEgR
1958,345-70-6213,LI12 0632 36Z7 DPAZ GNXC 3,ealtamiranoql,exBPS2
1959,791-69-0318,FR80 0909 0667 84ME Y0CN P3K0 V30,mgrimeqm,HsgDwVs
1960,619-17-4054,SA42 767M AIOC 2J7T K2QC OROZ,dgurryqn,vV1CtgC
1961,193-35-8359,FR65 8578 0813 66LS EK9R 3HBP P13,khuntleyqo,WJGjCurIss
1962,882-06-3829,CY96 8405 7350 TPLE 8GXN 62VX NRYI,adoldonqp,mtPbBEvH
1963,763-07-5702,IE47 MWUU 8251 5054 0940 23,hwinspireqq,NBXWMvEV
1964,175-10-9123,GL40 8187 9074 9636 85,ckuhnertqr,HLDmWRXQ
1965,141-65-2175,LT23 1336 3390 2813 7199,blockqs,5qIO6Jl10Kd
1966,457-16-8966,TR51 7495 5CHQ ZSY3 CFNQ KIKR O4,cdonnerqt,5S2NMdPXSjiT
1967,767-31-7579,SA59 68IB SLXD YRKL 62UM H8IP,kdunhillqu,oqXxX9Xs3Lv6
1968,656-44-7731,BR38 6763 7950 1549 6605 4675 563I Q,gmoultrieqv,rZQMmxS
1969,398-51-0263,LI60 0680 0PRJ WKVP HYR8 A,ajatczakqw,YvKTGdS
1970,530-58-1236,HR93 4351 6395 4618 5523 0,krockcliffeqx,VtAR5tr
1971,477-30-9772,SA46 13QT 3VGF WA8U BH7D CJ0L,nmcneaqy,lN4Bq42
1972,419-91-8561,SE36 7464 4109 2608 4000 5641,sgathwaiteqz,4eIVpsE
1973,225-35-6899,IT18 Z706 5240 2544 ZFZE RXYB ZVJ,adiemerr0,wVE4gLNHaAq
1974,278-49-5860,GT88 VVNM CQLJ IEQZ PG9J KRWJ REW9,omaymondr1,w3hBwEfC55hq
1975,560-78-7557,PL22 2050 4897 4901 1662 5278 4072,atudorr2,YdiTPvlybAyr
1976,806-24-2356,MK87 074K MC9D ASUZ T99,lstanionr3,aS89dwFH
1977,538-91-8859,DE74 9060 4030 2213 6993 58,vtrenouthr4,52ta9U0h
1978,396-88-8626,BH13 MDPD XACL KGXK BYLR BF,smccreadyr5,bFoYmox0hQTx
1979,825-53-3366,CY03 2588 6532 NE2G 8G8J 3BDF FKBY,lemeliner6,oipyq0NK5ytZ
1980,427-37-7813,MR84 4257 5507 7728 7756 7681 308,rbartkowiakr7,S0NpFgL
1981,799-79-7800,SM78 F818 1071 689P QDKE HMIN 83S,apleyr8,YXrcbR
1982,113-22-8890,FR93 2502 0451 23KZ 7F8T OG1M U47,gmainer9,WQmoTT95
1983,246-83-9781,PL34 6347 7057 6783 3532 3349 4136,devertonra,Wo1LXUxNl9
1984,401-81-4710,LV50 BAKJ RON8 PSST BLGX 2,sellinrb,QpSWTN0ow
1985,270-97-2769,GE60 QB71 4146 9875 4192 12,pphinnessyrc,KaqnPKg9rf2
1986,757-97-5243,TR98 4164 8LSZ DA1K FL8L LQHQ UM,akeunemannrd,lBKeDh8
1987,271-55-2254,KZ81 7904 LJ0O WHT6 GGKM,rdarkottre,yUJfnm7XsQN1
1988,876-57-3816,FR29 9275 5983 244I VWP7 N98K K59,afeasterrf,hp9NB70
1989,389-56-9087,FR79 4515 3546 9645 CRT6 WGM2 W03,glunarg,TUcru135CUL
1990,294-20-0869,GB74 BMSU 2350 7656 8668 59,belcombrh,qC58uA
1991,557-87-9525,PL98 5775 3935 8213 1691 8712 4982,tbrittonerri,8UGTsSwRv6
1992,340-91-3916,FR17 0307 4580 06K5 LFKI P1J8 688,igeeraertrj,V2ZJxGu4
1993,280-98-0892,SK51 6747 9336 4831 9124 4389,amatkinrk,lHSQKa2
1994,124-09-1030,MU25 FENY 0729 3096 6499 9589 653A RQ,gwillavizerl,f88MFvXGl
1995,694-89-2389,SM46 U438 8482 478K FSER YKUX BVK,aapplinrm,rahCInxD
1996,525-03-6947,LT08 3784 3731 7962 1518,cduckerinrn,uB3MY0kPeeog
1997,780-93-9506,FR94 9134 7985 99G3 GCYB 9MZT X23,jreaderro,PjmsX7OL2m3
1998,186-68-4836,FR43 6285 9909 64TS HK7O LXBJ N93,hhadinghamrp,MoTGTpVs
1999,147-03-0329,FR06 0451 5463 050S 7J4H DQ2N Y11,rantoniewskirq,kZFvNT
2000,700-36-4776,AD81 5133 9814 FMAI R5AE JGHG,bneashamrr,7aoTiMQSzz
